pool_id,seed,span,profile,geometry_id,budget_slot,budget,ours_ids,jb_ids,ours_cost,jb_cost,ours_width,jb_width,strict,saving,jb_degenerate
s840101_span20_exact,840101,20,exact,309ff3c61eb8583e6bbd934e6e0153275b7e8980a38d85265871aa58da950352,0,4,"[0, 4]","[0, 4]",3,3,249799659331483544/1951559838527215,249799659331483544/1951559838527215,False,0,False
s840101_span20_exact,840101,20,exact,309ff3c61eb8583e6bbd934e6e0153275b7e8980a38d85265871aa58da950352,1,8,"[0, 5]","[0, 1, 4, 5]",5,8,147718067777752288/1170935903116329,147718067777752288/1170935903116329,False,0,False
s840101_span20_heterogeneous,840101,20,heterogeneous,98733f0d11173e98c5adcf31b1a7c6481fdde3028866fbf98261549350dd2919,0,4,[1],"[4, 5]",2,4,1179644856696676622234459898933/8583050939045303532503695360,356958951503807327989060781749/2145762734761325883125923840,True,248190949318552689721783228063/1427835806015229311956243126996,True
s840101_span20_heterogeneous,840101,20,heterogeneous,98733f0d11173e98c5adcf31b1a7c6481fdde3028866fbf98261549350dd2919,1,8,[1],"[1, 3, 4, 5]",2,8,1179644856696676622234459898933/8583050939045303532503695360,1179644856696676622234459898933/8583050939045303532503695360,False,0,True
s840101_span150_exact,840101,150,exact,259d2e1dbb51cf35b28c6292e470ab10ed58472433867e2d185a64775b36f367,0,4,"[0, 4]","[0, 4]",3,3,731834939447705600/11709359031163289,731834939447705600/11709359031163289,False,0,False
s840101_span150_exact,840101,150,exact,259d2e1dbb51cf35b28c6292e470ab10ed58472433867e2d185a64775b36f367,1,8,"[0, 5]","[0, 1, 4, 5]",5,8,2927339757790822400/56294995342131197,2927339757790822400/56294995342131197,False,0,False
s840101_span150_heterogeneous,840101,150,heterogeneous,9c861608094aa8de64b0d7e61466a87ff573871896302207e5967b26fa933311,0,4,"[0, 4]","[0, 4]",3,3,268856554061310581348973472998968/1989077940348539644770903607069,268856554061310581348973472998968/1989077940348539644770903607069,False,0,False
s840101_span150_heterogeneous,840101,150,heterogeneous,9c861608094aa8de64b0d7e61466a87ff573871896302207e5967b26fa933311,1,8,"[0, 4]","[0, 1, 2, 4]",3,8,268856554061310581348973472998968/1989077940348539644770903607069,268856554061310581348973472998968/1989077940348539644770903607069,False,0,False
s840101_span450_exact,840101,450,exact,17383a58c8e1b96b9fea934260b8d97222addfc227b6cb83dfada6dd5772a69f,0,4,"[0, 4]","[0, 4]",3,3,1069604911500492800/30624477466119371,1069604911500492800/30624477466119371,False,0,False
s840101_span450_exact,840101,450,exact,17383a58c8e1b96b9fea934260b8d97222addfc227b6cb83dfada6dd5772a69f,1,8,"[0, 5]","[0, 1, 4, 5]",5,8,90071992547409920/3152519739159347,90071992547409920/3152519739159347,False,0,False
s840101_span450_heterogeneous,840101,450,heterogeneous,c36f3ae623d4b7d879841f19d0e31ef171f6efe766476cd147f0a7fcffd672c1,0,4,"[0, 4]","[0, 4]",3,3,9945662922801437724157986513528280/124030512022075231456599935265951,9945662922801437724157986513528280/124030512022075231456599935265951,False,0,False
s840101_span450_heterogeneous,840101,450,heterogeneous,c36f3ae623d4b7d879841f19d0e31ef171f6efe766476cd147f0a7fcffd672c1,1,8,"[0, 4]","[0, 1, 4, 5]",3,8,9945662922801437724157986513528280/124030512022075231456599935265951,9945662922801437724157986513528280/124030512022075231456599935265951,False,0,False
s840102_span20_exact,840102,20,exact,6e62cad1d6f6b4b215620bd7bd162f91df278df9945abe40c0c952ba88b8ef51,0,5,"[0, 4]","[0, 4]",5,5,249799659331483544/1951559838527215,249799659331483544/1951559838527215,False,0,False
s840102_span20_exact,840102,20,exact,6e62cad1d6f6b4b215620bd7bd162f91df278df9945abe40c0c952ba88b8ef51,1,11,"[0, 5]","[0, 2, 4, 5]",7,10,147718067777752288/1170935903116329,147718067777752288/1170935903116329,False,0,False
s840102_span20_heterogeneous,840102,20,heterogeneous,bb6859bc41553d9e3e441cdc19d236277fbdde3de74712807a9b3be769131e2c,0,5,"[0, 4]","[0, 4]",5,5,13887449742136085763270271238581/102996611268543642390044344320,13887449742136085763270271238581/102996611268543642390044344320,False,0,False
s840102_span20_heterogeneous,840102,20,heterogeneous,bb6859bc41553d9e3e441cdc19d236277fbdde3de74712807a9b3be769131e2c,1,11,"[0, 4]","[0, 1, 2, 4]",5,10,13887449742136085763270271238581/102996611268543642390044344320,13887449742136085763270271238581/102996611268543642390044344320,False,0,False
s840102_span150_exact,840102,150,exact,0513fe1d2fca1e6b4285a39cc0fabc22f2f76c27e5deece629df9d77bd28736e,0,5,"[0, 4]","[0, 4]",5,5,731834939447705600/11709359031163289,731834939447705600/11709359031163289,False,0,False
s840102_span150_exact,840102,150,exact,0513fe1d2fca1e6b4285a39cc0fabc22f2f76c27e5deece629df9d77bd28736e,1,11,"[0, 5]","[0, 2, 4, 5]",7,10,2927339757790822400/56294995342131197,2927339757790822400/56294995342131197,False,0,False
s840102_span150_heterogeneous,840102,150,heterogeneous,f8f51637704cc715c310a65c862b705c98a423e16299f62ef544ff0eb4dbc1b9,0,5,"[0, 4]","[0, 4]",5,5,1376298413398049555583818719115228/17185397344352853164371729821697,1376298413398049555583818719115228/17185397344352853164371729821697,False,0,False
s840102_span150_heterogeneous,840102,150,heterogeneous,f8f51637704cc715c310a65c862b705c98a423e16299f62ef544ff0eb4dbc1b9,1,11,"[0, 4]","[0, 2, 4, 5]",5,10,1376298413398049555583818719115228/17185397344352853164371729821697,1376298413398049555583818719115228/17185397344352853164371729821697,False,0,False
s840102_span450_exact,840102,450,exact,6037d7c7eede275fb8fbbbcc0873e1b681eb0068359470d0c9bdcd1c5938295c,0,5,"[0, 4]","[0, 4]",5,5,1069604911500492800/30624477466119371,1069604911500492800/30624477466119371,False,0,False
s840102_span450_exact,840102,450,exact,6037d7c7eede275fb8fbbbcc0873e1b681eb0068359470d0c9bdcd1c5938295c,1,11,"[0, 5]","[0, 2, 4, 5]",7,10,90071992547409920/3152519739159347,90071992547409920/3152519739159347,False,0,False
s840102_span450_heterogeneous,840102,450,heterogeneous,dc4b5193f50886c6e4ce09773b460b61a58f5cd209328820e7244cb781bcc80e,0,5,"[0, 4]","[0, 4]",5,5,127957930516482420435278415195062830320449727379/3082577425992844512016696684738606017361739776,127957930516482420435278415195062830320449727379/3082577425992844512016696684738606017361739776,False,0,False
s840102_span450_heterogeneous,840102,450,heterogeneous,dc4b5193f50886c6e4ce09773b460b61a58f5cd209328820e7244cb781bcc80e,1,11,"[0, 4]","[0, 2, 4, 5]",5,10,127957930516482420435278415195062830320449727379/3082577425992844512016696684738606017361739776,127957930516482420435278415195062830320449727379/3082577425992844512016696684738606017361739776,False,0,False
s840103_span20_exact,840103,20,exact,cfffdf7ff957f6b0ab8e75227f3515f09649c052556c5a747571b7982d9515a3,0,6,"[1, 4]","[0, 4]",4,5,249799659331483544/1951559838527215,249799659331483544/1951559838527215,False,0,False
s840103_span20_exact,840103,20,exact,cfffdf7ff957f6b0ab8e75227f3515f09649c052556c5a747571b7982d9515a3,1,12,"[0, 5]","[0, 1, 4, 5]",7,11,147718067777752288/1170935903116329,147718067777752288/1170935903116329,False,0,False
s840103_span20_heterogeneous,840103,20,heterogeneous,4a9a66cd1674a4a09062ebe55f6db63caa1f17261e5c8bef381904ec99a0fdbe,0,6,[5],"[0, 4]",3,5,148102944903607940689248600063/1072881367380662941562961920,3617288411716137754721754484091/25749152817135910597511086080,True,62817734029547178179788082579/3617288411716137754721754484091,True
s840103_span20_heterogeneous,840103,20,heterogeneous,4a9a66cd1674a4a09062ebe55f6db63caa1f17261e5c8bef381904ec99a0fdbe,1,12,[5],"[0, 3, 4, 5]",3,12,148102944903607940689248600063/1072881367380662941562961920,148102944903607940689248600063/1072881367380662941562961920,False,0,False
s840103_span150_exact,840103,150,exact,26f30c433b9dd51144119d720e058359080f6e98e60eea063b2d5bfefbf3af20,0,6,"[0, 4]","[0, 4]",5,5,731834939447705600/11709359031163289,731834939447705600/11709359031163289,False,0,False
s840103_span150_exact,840103,150,exact,26f30c433b9dd51144119d720e058359080f6e98e60eea063b2d5bfefbf3af20,1,12,"[0, 5]","[0, 1, 4, 5]",7,11,2927339757790822400/56294995342131197,2927339757790822400/56294995342131197,False,0,False
s840103_span150_heterogeneous,840103,150,heterogeneous,75cf35559e35ec35981a578f858870bb6867c2d7aa270f002adc58fd008cdad1,0,6,[3],"[0, 4]",4,5,1921525228110468988750309078231/12874576408567955298755543040,772808951802026392840275249835/5149830563427182119502217216,True,20994302789193986700758092713/3864044759010131964201376249175,False
s840103_span150_heterogeneous,840103,150,heterogeneous,75cf35559e35ec35981a578f858870bb6867c2d7aa270f002adc58fd008cdad1,1,12,[3],"[0, 3, 4, 5]",4,12,1921525228110468988750309078231/12874576408567955298755543040,1921525228110468988750309078231/12874576408567955298755543040,False,0,False
s840103_span450_exact,840103,450,exact,63677ba87e5de197b9f7265dce926bf02e49b59bba972bf4b78c5b89da43966d,0,6,"[0, 4]","[0, 4]",5,5,1069604911500492800/30624477466119371,1069604911500492800/30624477466119371,False,0,False
s840103_span450_exact,840103,450,exact,63677ba87e5de197b9f7265dce926bf02e49b59bba972bf4b78c5b89da43966d,1,12,"[0, 5]","[0, 1, 4, 5]",7,11,90071992547409920/3152519739159347,90071992547409920/3152519739159347,False,0,False
s840103_span450_heterogeneous,840103,450,heterogeneous,247de4467a8fc784b2a55b47fe425830339a4b353d20fde06029c7c5350e5b2d,0,6,"[0, 4]","[0, 4]",5,5,8939433475147882109164181985097650/90932481754379651911774560586669,8939433475147882109164181985097650/90932481754379651911774560586669,False,0,False
s840103_span450_heterogeneous,840103,450,heterogeneous,247de4467a8fc784b2a55b47fe425830339a4b353d20fde06029c7c5350e5b2d,1,12,"[0, 3, 4]","[0, 1, 4, 5]",9,11,6623997033859663429930562946671460/68378151410316479896399554357781,8939433475147882109164181985097650/90932481754379651911774560586669,True,94373675684843274105060250818338695441634106751/6463210238815856109311066738604455568686634286865,False
s840104_span20_exact,840104,20,exact,78038aaf7b3ec1bd7dec53b8fd29ff326a9092a93f37dbef1f1ce5ecc4e2f6cc,0,4,"[1, 5]","[1, 5]",4,4,249799659331483544/1951559838527215,249799659331483544/1951559838527215,False,0,False
s840104_span20_exact,840104,20,exact,78038aaf7b3ec1bd7dec53b8fd29ff326a9092a93f37dbef1f1ce5ecc4e2f6cc,1,9,"[0, 5]","[0, 1, 3, 5]",5,8,147718067777752288/1170935903116329,147718067777752288/1170935903116329,False,0,False
s840104_span20_heterogeneous,840104,20,heterogeneous,9ba84ac2bda5380b5c6c3cae2ffd4e8b4f0917392b36f43bad892272dea3e372,0,4,[5],"[1, 5]",2,4,1187262270267804224193460043561/8583050939045303532503695360,1187262270267804224193460043561/8583050939045303532503695360,False,0,False
s840104_span20_heterogeneous,840104,20,heterogeneous,9ba84ac2bda5380b5c6c3cae2ffd4e8b4f0917392b36f43bad892272dea3e372,1,9,[5],"[0, 1, 3, 5]",2,8,1187262270267804224193460043561/8583050939045303532503695360,1187262270267804224193460043561/8583050939045303532503695360,False,0,False
s840104_span150_exact,840104,150,exact,2c658819c353532e0d117f1e9b67538280cb668fec9487abddb97928ffcf0489,0,4,"[1, 5]","[1, 5]",4,4,731834939447705600/11709359031163289,731834939447705600/11709359031163289,False,0,False
s840104_span150_exact,840104,150,exact,2c658819c353532e0d117f1e9b67538280cb668fec9487abddb97928ffcf0489,1,9,"[0, 5]","[0, 1, 3, 5]",5,8,2927339757790822400/56294995342131197,2927339757790822400/56294995342131197,False,0,False
s840104_span150_heterogeneous,840104,150,heterogeneous,38ef2b1c2270897afa3615211678be7058f5b96d30d52c52f6ee3707a0c8e1af,0,4,"[1, 5]","[1, 5]",4,4,916166502587881337504384981928148/9094907650848869414672879066119,916166502587881337504384981928148/9094907650848869414672879066119,False,0,False
s840104_span150_heterogeneous,840104,150,heterogeneous,38ef2b1c2270897afa3615211678be7058f5b96d30d52c52f6ee3707a0c8e1af,1,9,"[1, 5]","[0, 1, 3, 5]",4,8,916166502587881337504384981928148/9094907650848869414672879066119,916166502587881337504384981928148/9094907650848869414672879066119,False,0,False
s840104_span450_exact,840104,450,exact,a8e9a9a880f675112f7fde2a7a3bd50073741931020d63eebafd09142ec3249a,0,4,"[1, 5]","[1, 5]",4,4,1069604911500492800/30624477466119371,1069604911500492800/30624477466119371,False,0,False
s840104_span450_exact,840104,450,exact,a8e9a9a880f675112f7fde2a7a3bd50073741931020d63eebafd09142ec3249a,1,9,"[0, 5]","[0, 1, 3, 5]",5,8,90071992547409920/3152519739159347,90071992547409920/3152519739159347,False,0,False
s840104_span450_heterogeneous,840104,450,heterogeneous,218e383b0b2f75d872aeaa55991d86b0c3f9c08757439d16d1ada172ab7c97c3,0,4,"[1, 5]","[1, 5]",4,4,1300264634457034836869211821705428/22405238953245277285963332590599,1300264634457034836869211821705428/22405238953245277285963332590599,False,0,False
s840104_span450_heterogeneous,840104,450,heterogeneous,218e383b0b2f75d872aeaa55991d86b0c3f9c08757439d16d1ada172ab7c97c3,1,9,"[1, 5]","[0, 1, 3, 5]",4,8,1300264634457034836869211821705428/22405238953245277285963332590599,1300264634457034836869211821705428/22405238953245277285963332590599,False,0,False
s840105_span20_exact,840105,20,exact,a56d1509aefad7fdbd709e8a4b965d93a4f9d1fd2e152b2d714b3d17c16b9128,0,4,"[0, 5]","[1, 4, 5]",4,4,147718067777752288/1170935903116329,249799659331483544/1951559838527215,True,1351079888211149/93674872249306329,False
s840105_span20_exact,840105,20,exact,a56d1509aefad7fdbd709e8a4b965d93a4f9d1fd2e152b2d714b3d17c16b9128,1,8,"[0, 5]","[0, 1, 4, 5]",4,7,147718067777752288/1170935903116329,147718067777752288/1170935903116329,False,0,False
s840105_span20_heterogeneous,840105,20,heterogeneous,9ed4ab4ab8369b14f104d20abc9738e7b287e2c656eadec04d668407e40a8b41,0,4,[2],"[1, 4, 5]",4,4,6934037550939931287912408004627/51498305634271821195022172160,7331141074224620582370052868239/51498305634271821195022172160,True,397103523284689294457644863612/7331141074224620582370052868239,False
s840105_span20_heterogeneous,840105,20,heterogeneous,9ed4ab4ab8369b14f104d20abc9738e7b287e2c656eadec04d668407e40a8b41,1,8,[2],"[1, 2, 4, 5]",4,8,6934037550939931287912408004627/51498305634271821195022172160,6934037550939931287912408004627/51498305634271821195022172160,False,0,False
s840105_span150_exact,840105,150,exact,c95d84ce24810c32fac7a383c5d35d38a37af99c0650c9a79b14d5e18b6ecb97,0,4,"[0, 5]","[1, 4, 5]",4,4,2927339757790822400/56294995342131197,731834939447705600/11709359031163289,True,9457559217478041/56294995342131197,False
s840105_span150_exact,840105,150,exact,c95d84ce24810c32fac7a383c5d35d38a37af99c0650c9a79b14d5e18b6ecb97,1,8,"[0, 5]","[0, 1, 4, 5]",4,7,2927339757790822400/56294995342131197,2927339757790822400/56294995342131197,False,0,False
s840105_span150_heterogeneous,840105,150,heterogeneous,b5fa5d1eed023f7e04d58efbed13dce8cdc375debeca175d8573ed3d93bf5565,0,4,"[1, 5]","[1, 4, 5]",2,4,605558022826629546273261574728935/5339059549577361478519170475549,605558022826629546273261574728935/5339059549577361478519170475549,False,0,False
s840105_span150_heterogeneous,840105,150,heterogeneous,b5fa5d1eed023f7e04d58efbed13dce8cdc375debeca175d8573ed3d93bf5565,1,8,"[1, 5]","[1, 2, 4, 5]",2,8,605558022826629546273261574728935/5339059549577361478519170475549,605558022826629546273261574728935/5339059549577361478519170475549,False,0,False
s840105_span450_exact,840105,450,exact,df93e8d3cc9eabf990f1a9d42d302560f45b00e98280d32db21d845ab65b34d5,0,4,"[0, 5]","[1, 4, 5]",4,4,90071992547409920/3152519739159347,1069604911500492800/30624477466119371,True,54493555491182997/299489375220137965,False
s840105_span450_exact,840105,450,exact,df93e8d3cc9eabf990f1a9d42d302560f45b00e98280d32db21d845ab65b34d5,1,8,"[0, 5]","[0, 1, 4, 5]",4,7,90071992547409920/3152519739159347,90071992547409920/3152519739159347,False,0,False
s840105_span450_heterogeneous,840105,450,heterogeneous,b7a9b9ad4bb0bd482edc061dc40eb4fd441c78562a8ba067c645442565ffbe36,0,4,"[1, 3, 5]","[1, 4, 5]",4,4,750714818269432790645149627017940/11596544026470253006345897957853,715760935666438513785610916723905/10924645006832996874243739952669,True,6284516521194725337601080278295096710427952743/526585327906417758758364477821940011240508830819,False
s840105_span450_heterogeneous,840105,450,heterogeneous,b7a9b9ad4bb0bd482edc061dc40eb4fd441c78562a8ba067c645442565ffbe36,1,8,"[1, 2, 5]","[0, 1, 4, 5]",6,7,19944940639300275155601297905058/312484370768940952736093097665,715760935666438513785610916723905/10924645006832996874243739952669,True,1831141408663327806061256487119116360929915709/70947725663522057231869520321485763235744036475,False
s840106_span20_exact,840106,20,exact,ef645ff46aeed0ad377a1ff25f12cd343795bd92e4c82c8cc6ca219325e293a2,0,6,"[0, 5]","[0, 1, 5]",5,6,147718067777752288/1170935903116329,147718067777752288/1170935903116329,False,0,False
s840106_span20_exact,840106,20,exact,ef645ff46aeed0ad377a1ff25f12cd343795bd92e4c82c8cc6ca219325e293a2,1,12,"[0, 5]","[0, 1, 4, 5]",5,10,147718067777752288/1170935903116329,147718067777752288/1170935903116329,False,0,False
s840106_span20_heterogeneous,840106,20,heterogeneous,23b5dc913c7b6334a1ba7cbb29a13ade805a416ab8a119512d55f2ac26cd5b25,0,6,"[1, 4]","[1, 4]",5,5,13993950374915929329513390966127/102996611268543642390044344320,13993950374915929329513390966127/102996611268543642390044344320,False,0,False
s840106_span20_heterogeneous,840106,20,heterogeneous,23b5dc913c7b6334a1ba7cbb29a13ade805a416ab8a119512d55f2ac26cd5b25,1,12,"[1, 4]","[1, 2, 4, 5]",5,12,13993950374915929329513390966127/102996611268543642390044344320,13993950374915929329513390966127/102996611268543642390044344320,False,0,False
s840106_span150_exact,840106,150,exact,d28d7eec904ee9afa763766045f3f150471cbe53d10c7213f348f1800e013700,0,6,"[0, 5]","[0, 1, 5]",5,6,2927339757790822400/56294995342131197,2927339757790822400/56294995342131197,False,0,False
s840106_span150_exact,840106,150,exact,d28d7eec904ee9afa763766045f3f150471cbe53d10c7213f348f1800e013700,1,12,"[0, 5]","[0, 1, 4, 5]",5,10,2927339757790822400/56294995342131197,2927339757790822400/56294995342131197,False,0,False
s840106_span150_heterogeneous,840106,150,heterogeneous,c65bdae29f0c1b93afefb5bc5c7f0f943c129fa05f844224c3ab4186fa9ce978,0,6,"[1, 4]","[0, 1, 5]",5,6,54097096110162599695968681219148/561186127325384572018666202603,1786962532086967869073030529209580/17390253584417726622849027987659,True,15514090880275839721358253537621447099366815468238259127510552/250704645764362191083761798590967469411630263065297582432134185,False
s840106_span150_heterogeneous,840106,150,heterogeneous,c65bdae29f0c1b93afefb5bc5c7f0f943c129fa05f844224c3ab4186fa9ce978,1,12,"[1, 4]","[0, 1, 4, 5]",5,10,54097096110162599695968681219148/561186127325384572018666202603,54097096110162599695968681219148/561186127325384572018666202603,False,0,False
s840106_span450_exact,840106,450,exact,bee11916417aac7bfd008568be562146521b54e7285f0ef842d491f40f2a39ca,0,6,"[0, 5]","[0, 1, 5]",5,6,90071992547409920/3152519739159347,90071992547409920/3152519739159347,False,0,False
s840106_span450_exact,840106,450,exact,bee11916417aac7bfd008568be562146521b54e7285f0ef842d491f40f2a39ca,1,12,"[0, 5]","[0, 1, 4, 5]",5,10,90071992547409920/3152519739159347,90071992547409920/3152519739159347,False,0,False
s840106_span450_heterogeneous,840106,450,heterogeneous,d6bcab3742abd54d670cf9cac1bfc9d7867629a4f956fb824c662c01f205a011,0,6,"[1, 4]","[0, 1, 5]",5,6,339509055733240088631356458509692/6799030027345845221480467070359,2229055678916562874956068097414380/44010916189210542365429935036619,True,53327974056462386894606012851630399555966573897445899312987768/3788854123394872517356736219985710036440387567318092545359590605,False
s840106_span450_heterogeneous,840106,450,heterogeneous,d6bcab3742abd54d670cf9cac1bfc9d7867629a4f956fb824c662c01f205a011,1,12,"[1, 4]","[0, 1, 4, 5]",5,10,339509055733240088631356458509692/6799030027345845221480467070359,339509055733240088631356458509692/6799030027345845221480467070359,False,0,False
s840107_span20_exact,840107,20,exact,508080aa61b51e802be6692b59f259f6abee3b95d5c2948a78d8ee24b1ed6dad,0,5,"[1, 4]","[0, 4]",3,4,249799659331483544/1951559838527215,249799659331483544/1951559838527215,False,0,False
s840107_span20_exact,840107,20,exact,508080aa61b51e802be6692b59f259f6abee3b95d5c2948a78d8ee24b1ed6dad,1,10,"[0, 5]","[0, 1, 4, 5]",6,9,147718067777752288/1170935903116329,147718067777752288/1170935903116329,False,0,False
s840107_span20_heterogeneous,840107,20,heterogeneous,283d0970513fc59ed9eecbdbe9c05c459eeb6283d8cfa196fdb634df26a170d2,0,5,"[0, 4]","[0, 4]",4,4,2308337501453817379779831191141/17166101878090607065007390720,2308337501453817379779831191141/17166101878090607065007390720,False,0,False
s840107_span20_heterogeneous,840107,20,heterogeneous,283d0970513fc59ed9eecbdbe9c05c459eeb6283d8cfa196fdb634df26a170d2,1,10,"[0, 4]","[0, 1, 4, 5]",4,9,2308337501453817379779831191141/17166101878090607065007390720,2308337501453817379779831191141/17166101878090607065007390720,False,0,False
s840107_span150_exact,840107,150,exact,7eec349f3c9d695f1206d112bb9a92f352251bdd141bdbebf50422b785d46c33,0,5,"[0, 4]","[0, 4]",4,4,731834939447705600/11709359031163289,731834939447705600/11709359031163289,False,0,False
s840107_span150_exact,840107,150,exact,7eec349f3c9d695f1206d112bb9a92f352251bdd141bdbebf50422b785d46c33,1,10,"[0, 5]","[0, 1, 4, 5]",6,9,2927339757790822400/56294995342131197,2927339757790822400/56294995342131197,False,0,False
s840107_span150_heterogeneous,840107,150,heterogeneous,c22b4723aae527875389e08aa3da5a169a16aeba2ecf72eeff417e11761660ed,0,5,"[0, 4]","[0, 4]",4,4,1473930862181901479517449238715618/17550395111360807264418118788455,1473930862181901479517449238715618/17550395111360807264418118788455,False,0,False
s840107_span150_heterogeneous,840107,150,heterogeneous,c22b4723aae527875389e08aa3da5a169a16aeba2ecf72eeff417e11761660ed,1,10,"[0, 4]","[0, 1, 4, 5]",4,9,1473930862181901479517449238715618/17550395111360807264418118788455,1473930862181901479517449238715618/17550395111360807264418118788455,False,0,False
s840107_span450_exact,840107,450,exact,eb3d7d4d43b4083dd8e1add05aee86cd02dec684d4a6dd60ef473e3276d17d15,0,5,"[0, 4]","[0, 4]",4,4,1069604911500492800/30624477466119371,1069604911500492800/30624477466119371,False,0,False
s840107_span450_exact,840107,450,exact,eb3d7d4d43b4083dd8e1add05aee86cd02dec684d4a6dd60ef473e3276d17d15,1,10,"[0, 5]","[0, 1, 4, 5]",6,9,90071992547409920/3152519739159347,90071992547409920/3152519739159347,False,0,False
s840107_span450_heterogeneous,840107,450,heterogeneous,af5e4e9e57dfaa08c2ba19c2b34ed885f012cb6ec2feebbef6b756a75dccebb7,0,5,"[0, 4]","[0, 4]",4,4,4151495969280506638114754559424966/88342115432307242861478312515483,4151495969280506638114754559424966/88342115432307242861478312515483,False,0,False
s840107_span450_heterogeneous,840107,450,heterogeneous,af5e4e9e57dfaa08c2ba19c2b34ed885f012cb6ec2feebbef6b756a75dccebb7,1,10,"[0, 4]","[0, 1, 4, 5]",4,9,4151495969280506638114754559424966/88342115432307242861478312515483,4151495969280506638114754559424966/88342115432307242861478312515483,False,0,False
s840108_span20_exact,840108,20,exact,1f81fe8050b957c7d691ee580bcc90829a738b0fc45e7e468b8d5d497e146f54,0,6,"[0, 5]","[0, 5]",5,5,147718067777752288/1170935903116329,147718067777752288/1170935903116329,False,0,False
s840108_span20_exact,840108,20,exact,1f81fe8050b957c7d691ee580bcc90829a738b0fc45e7e468b8d5d497e146f54,1,12,"[0, 5]","[0, 1, 4, 5]",5,11,147718067777752288/1170935903116329,147718067777752288/1170935903116329,False,0,False
s840108_span20_heterogeneous,840108,20,heterogeneous,9ee8045cdfba519e1f09df526955320e03b8c1ab2013a54162d2d684d2129205,0,6,[2],"[0, 4]",3,4,691193087916129830111917731899/5149830563427182119502217216,5183342271462954746521171646521/34332203756181214130014781440,True,1726165056066267637325160301583/15550026814388864239563514939563,True
s840108_span20_heterogeneous,840108,20,heterogeneous,9ee8045cdfba519e1f09df526955320e03b8c1ab2013a54162d2d684d2129205,1,12,[2],"[0, 1, 4, 5]",3,11,691193087916129830111917731899/5149830563427182119502217216,14358503588344624386197307819643/102996611268543642390044344320,True,534641830022027783958953181663/14358503588344624386197307819643,True
s840108_span150_exact,840108,150,exact,3d241d5fbdfd42ba9aaa5636186334054ca78e9b0ae61c27bca3be8e07c2a3ec,0,6,"[0, 5]","[0, 5]",5,5,2927339757790822400/56294995342131197,2927339757790822400/56294995342131197,False,0,False
s840108_span150_exact,840108,150,exact,3d241d5fbdfd42ba9aaa5636186334054ca78e9b0ae61c27bca3be8e07c2a3ec,1,12,"[0, 5]","[0, 1, 4, 5]",5,11,2927339757790822400/56294995342131197,2927339757790822400/56294995342131197,False,0,False
s840108_span150_heterogeneous,840108,150,heterogeneous,3177aeb9395f9bb1e3a548ea632f3123c1323c917c14d25c1c7dbe335c475c85,0,6,"[0, 5]","[0, 5]",5,5,2820388985726585860099670182782720/23757616192259268892990338246463,2820388985726585860099670182782720/23757616192259268892990338246463,False,0,False
s840108_span150_heterogeneous,840108,150,heterogeneous,3177aeb9395f9bb1e3a548ea632f3123c1323c917c14d25c1c7dbe335c475c85,1,12,"[0, 5]","[0, 1, 4, 5]",5,11,2820388985726585860099670182782720/23757616192259268892990338246463,2820388985726585860099670182782720/23757616192259268892990338246463,False,0,False
s840108_span450_exact,840108,450,exact,eb64a11e07035a74821ec70dafae7aa1fc0c4f06179213f30b1482dcae6f7752,0,6,"[0, 5]","[0, 5]",5,5,90071992547409920/3152519739159347,90071992547409920/3152519739159347,False,0,False
s840108_span450_exact,840108,450,exact,eb64a11e07035a74821ec70dafae7aa1fc0c4f06179213f30b1482dcae6f7752,1,12,"[0, 5]","[0, 1, 4, 5]",5,11,90071992547409920/3152519739159347,90071992547409920/3152519739159347,False,0,False
s840108_span450_heterogeneous,840108,450,heterogeneous,19068b5eca135ff334765cd2cf1f3ea255501afa9c2ef955ea10b7ede78d261b,0,6,"[0, 5]","[0, 5]",5,5,489439813610009487475381982858339409270572132363/7268518387149830412529675166287059649206157312,489439813610009487475381982858339409270572132363/7268518387149830412529675166287059649206157312,False,0,False
s840108_span450_heterogeneous,840108,450,heterogeneous,19068b5eca135ff334765cd2cf1f3ea255501afa9c2ef955ea10b7ede78d261b,1,12,"[0, 2, 5]","[0, 1, 4, 5]",8,11,1052971822123734867635696927769508/16192638110191567003737766262183,921948045031681580890578388164260/13909964010908560064044073771813,True,22360756052700146898550132035962162495988376102/1183876096329973663918656635732855815492008473285,False
s840109_span20_exact,840109,20,exact,27024d146da6a288c6172a978926d5d2213e1202e2007fe36de2e50e0369bdd4,0,4,"[0, 5]","[0, 1, 4]",4,4,147718067777752288/1170935903116329,249799659331483544/1951559838527215,True,1351079888211149/93674872249306329,False
s840109_span20_exact,840109,20,exact,27024d146da6a288c6172a978926d5d2213e1202e2007fe36de2e50e0369bdd4,1,8,"[0, 5]","[0, 1, 2, 4, 5]",4,8,147718067777752288/1170935903116329,147718067777752288/1170935903116329,False,0,False
s840109_span20_heterogeneous,840109,20,heterogeneous,b780e41bc346c8d02e383172ce8e019e69434a4a1e5e926487144a47f5b3a925,0,4,[3],"[1, 2, 4]",4,4,329616978619124902831413315657/2452300268298658152143912960,30366619903863255141345336268403/205993222537087284780088688640,True,2678793699856763303506617753215/30366619903863255141345336268403,True
s840109_span20_heterogeneous,840109,20,heterogeneous,b780e41bc346c8d02e383172ce8e019e69434a4a1e5e926487144a47f5b3a925,1,8,"[0, 3]","[0, 1, 3, 4]",5,8,1977696196070109140386728071689/14713801609791948912863477760,1977696196070109140386728071689/14713801609791948912863477760,False,0,False
s840109_span150_exact,840109,150,exact,0431115f1a6bbb3f36e795f447d2cb24231d0076bebd7f51fae59e8292a49276,0,4,"[0, 5]","[0, 1, 4]",4,4,2927339757790822400/56294995342131197,731834939447705600/11709359031163289,True,9457559217478041/56294995342131197,False
s840109_span150_exact,840109,150,exact,0431115f1a6bbb3f36e795f447d2cb24231d0076bebd7f51fae59e8292a49276,1,8,"[0, 5]","[0, 1, 2, 4, 5]",4,8,2927339757790822400/56294995342131197,2927339757790822400/56294995342131197,False,0,False
s840109_span150_heterogeneous,840109,150,heterogeneous,85f771892be2645f52fa041430e27853b6bc9f73ebf3265c8974c8efeb352490,0,4,"[0, 5]","[0, 5]",4,4,527048474040428877326432412476612/4601497232947538052158573292997,527048474040428877326432412476612/4601497232947538052158573292997,False,0,False
s840109_span150_heterogeneous,840109,150,heterogeneous,85f771892be2645f52fa041430e27853b6bc9f73ebf3265c8974c8efeb352490,1,8,"[0, 3]","[0, 1, 2, 4, 5]",5,8,1415415324721378175811123809718464/13706564817163520755461973238341,527048474040428877326432412476612/4601497232947538052158573292997,True,177748592761325230797868474037010579093498816206972157402846021/1806006017805565912548364662459930471279908506457586374391045173,False
s840109_span450_exact,840109,450,exact,4f0553c51d6afab638d3ac49c1114aea795eecb302ac8ea75bd1a83b7a191e1a,0,4,"[0, 5]","[0, 1, 4]",4,4,90071992547409920/3152519739159347,1069604911500492800/30624477466119371,True,54493555491182997/299489375220137965,False
s840109_span450_exact,840109,450,exact,4f0553c51d6afab638d3ac49c1114aea795eecb302ac8ea75bd1a83b7a191e1a,1,8,"[0, 5]","[0, 1, 2, 4, 5]",4,8,90071992547409920/3152519739159347,90071992547409920/3152519739159347,False,0,False
s840109_span450_heterogeneous,840109,450,heterogeneous,57ac59b198a94477399664b1720f99792a6ac1ffec1a7c3f5a9538ffae2b9a77,0,4,"[0, 5]","[0, 5]",4,4,231381660939863878703694742252132/3466999576330562385289091409047,231381660939863878703694742252132/3466999576330562385289091409047,False,0,False
s840109_span450_heterogeneous,840109,450,heterogeneous,57ac59b198a94477399664b1720f99792a6ac1ffec1a7c3f5a9538ffae2b9a77,1,8,"[0, 3]","[0, 1, 2, 4, 5]",5,8,1924060128062955221050613645545664/33672061770758132562397653525061,2068712448296165883780648072561920/31095560080561227441556091308909,True,153563844283919276883084742297055937049925409958334286404761821/1088403333515074799408114353181040178532598616640443168768660580,False
s840110_span20_exact,840110,20,exact,7783fc52a8381aafdb203757f9d8f5f27eec9e55cc2a38ce0b4b5b5de1bf64f9,0,4,"[0, 5]","[1, 2, 5]",4,4,147718067777752288/1170935903116329,249799659331483544/1951559838527215,True,1351079888211149/93674872249306329,False
s840110_span20_exact,840110,20,exact,7783fc52a8381aafdb203757f9d8f5f27eec9e55cc2a38ce0b4b5b5de1bf64f9,1,8,"[0, 5]","[0, 1, 2, 3, 5]",4,8,147718067777752288/1170935903116329,147718067777752288/1170935903116329,False,0,False
s840110_span20_heterogeneous,840110,20,heterogeneous,6f13f8fc2970830544ee933e599040fbd40b132d975ad2bd6006ee56df49fa4f,0,4,[0],"[0, 5]",2,4,21126214579872323346275572419/153268766768666134508994560,21126214579872323346275572419/153268766768666134508994560,False,0,False
s840110_span20_heterogeneous,840110,20,heterogeneous,6f13f8fc2970830544ee933e599040fbd40b132d975ad2bd6006ee56df49fa4f,1,8,[0],"[0, 1, 2, 3, 5]",2,8,21126214579872323346275572419/153268766768666134508994560,21126214579872323346275572419/153268766768666134508994560,False,0,False
s840110_span150_exact,840110,150,exact,4682784a42fccb8880e464d8e012870480a4d4b09bbbbe3996baf417b5e3e01c,0,4,"[0, 5]","[1, 2, 5]",4,4,2927339757790822400/56294995342131197,731834939447705600/11709359031163289,True,9457559217478041/56294995342131197,False
s840110_span150_exact,840110,150,exact,4682784a42fccb8880e464d8e012870480a4d4b09bbbbe3996baf417b5e3e01c,1,8,"[0, 5]","[0, 1, 2, 3, 5]",4,8,2927339757790822400/56294995342131197,2927339757790822400/56294995342131197,False,0,False
s840110_span150_heterogeneous,840110,150,heterogeneous,e078c3be43ba5f4dbfa77abe95329b9bd8673bd8fea17f960de0a149d031472b,0,4,"[0, 5]","[0, 5]",4,4,908129275753547926463792761370084/10332471661160664819840127001319,908129275753547926463792761370084/10332471661160664819840127001319,False,0,False
s840110_span150_heterogeneous,840110,150,heterogeneous,e078c3be43ba5f4dbfa77abe95329b9bd8673bd8fea17f960de0a149d031472b,1,8,"[0, 5]","[0, 1, 2, 3, 5]",4,8,908129275753547926463792761370084/10332471661160664819840127001319,908129275753547926463792761370084/10332471661160664819840127001319,False,0,False
s840110_span450_exact,840110,450,exact,338357458d087b9a317376b8cc9ca546d387dd88a4ca457f559eaa6ded578b3a,0,4,"[0, 5]","[1, 2, 5]",4,4,90071992547409920/3152519739159347,1069604911500492800/30624477466119371,True,54493555491182997/299489375220137965,False
s840110_span450_exact,840110,450,exact,338357458d087b9a317376b8cc9ca546d387dd88a4ca457f559eaa6ded578b3a,1,8,"[0, 5]","[0, 1, 2, 3, 5]",4,8,90071992547409920/3152519739159347,90071992547409920/3152519739159347,False,0,False
s840110_span450_heterogeneous,840110,450,heterogeneous,8f2a18c51c58fc23f2bf591ba9c71963a3fcc064b4c08e4c0f6dad031c8c0c65,0,4,"[0, 5]","[0, 5]",4,4,9702348868027888880405312762045668/201311869470647579054633386238981,9702348868027888880405312762045668/201311869470647579054633386238981,False,0,False
s840110_span450_heterogeneous,840110,450,heterogeneous,8f2a18c51c58fc23f2bf591ba9c71963a3fcc064b4c08e4c0f6dad031c8c0c65,1,8,"[0, 2, 5]","[0, 1, 2, 3, 5]",5,8,736718978867215119715674449873870/15289433375534795384514530199657,736718978867215119715674449873870/15289433375534795384514530199657,False,0,False
s840111_span20_exact,840111,20,exact,ce0a3895ff93c4a4691b80f1cbb363f08d82bad3fe6be2e0d9281586592039e2,0,5,"[0, 4]","[0, 4]",5,5,249799659331483544/1951559838527215,249799659331483544/1951559838527215,False,0,False
s840111_span20_exact,840111,20,exact,ce0a3895ff93c4a4691b80f1cbb363f08d82bad3fe6be2e0d9281586592039e2,1,10,"[0, 5]","[0, 1, 3, 5]",6,10,147718067777752288/1170935903116329,147718067777752288/1170935903116329,False,0,False
s840111_span20_heterogeneous,840111,20,heterogeneous,93adca1d9f29653d3805dda31503d497ab44ea52971fb7f5a87ca3dbb5912e4c,0,5,[2],"[3, 5]",4,4,4634690028832434277786528851699/34332203756181214130014781440,127607255245907846598258426929/858305093904530353250369536,True,42690925545807235103982565951/464026382712392169448212461560,True
s840111_span20_heterogeneous,840111,20,heterogeneous,93adca1d9f29653d3805dda31503d497ab44ea52971fb7f5a87ca3dbb5912e4c,1,10,"[2, 4]","[2, 3, 4, 5]",6,10,3475508758294301904139299244589/25749152817135910597511086080,3475508758294301904139299244589/25749152817135910597511086080,False,0,False
s840111_span150_exact,840111,150,exact,392fc7a36a4874c9060d46aa8e9d4a6e05389f7ec201e89709fbecac9894d405,0,5,"[0, 4]","[0, 4]",5,5,731834939447705600/11709359031163289,731834939447705600/11709359031163289,False,0,False
s840111_span150_exact,840111,150,exact,392fc7a36a4874c9060d46aa8e9d4a6e05389f7ec201e89709fbecac9894d405,1,10,"[0, 5]","[0, 1, 3, 5]",6,10,2927339757790822400/56294995342131197,2927339757790822400/56294995342131197,False,0,False
s840111_span150_heterogeneous,840111,150,heterogeneous,b10250705fe2a4d3b6cca469d2293cb8c933aa51912640271d60a14c79331d93,0,5,"[0, 4]","[0, 4]",5,5,13495653991797082904345179236361/102996611268543642390044344320,13495653991797082904345179236361/102996611268543642390044344320,False,0,False
s840111_span150_heterogeneous,840111,150,heterogeneous,b10250705fe2a4d3b6cca469d2293cb8c933aa51912640271d60a14c79331d93,1,10,"[2, 4]","[0, 3, 4, 5]",6,9,1315658466060768668034779945841482/10827315457195396703741446697947,13495653991797082904345179236361/102996611268543642390044344320,True,10613339479315903762735539012952353731437916832200773139368627/146121703070345313242559258742666820672599734720870730486450867,False
s840111_span450_exact,840111,450,exact,bc1bbde3c98f7769daffd1db03cc9a0c88e3e99691229373cef65f3e2fe587d1,0,5,"[0, 4]","[0, 4]",5,5,1069604911500492800/30624477466119371,1069604911500492800/30624477466119371,False,0,False
s840111_span450_exact,840111,450,exact,bc1bbde3c98f7769daffd1db03cc9a0c88e3e99691229373cef65f3e2fe587d1,1,10,"[0, 5]","[0, 1, 3, 5]",6,10,90071992547409920/3152519739159347,90071992547409920/3152519739159347,False,0,False
s840111_span450_heterogeneous,840111,450,heterogeneous,ac5642234a815ef5abce181ec0e3a706e6afcfc22f04f1ca372b73bb2f843d75,0,5,"[0, 4]","[0, 4]",5,5,10990069508774904680126131156005350/163119994082313636864715517490727,10990069508774904680126131156005350/163119994082313636864715517490727,False,0,False
s840111_span450_heterogeneous,840111,450,heterogeneous,ac5642234a815ef5abce181ec0e3a706e6afcfc22f04f1ca372b73bb2f843d75,1,10,"[0, 2, 4]","[0, 1, 3, 5]",9,10,5503879793267107193530416369784060/83682690147027515203318433162939,13561524036715864292368686994040780/138522212271159587878368731049783,True,18622760442403364969271643194582372307421628953210848672746539672/56743240694297973557438415293007655591416860094590660890987532621,False
s840112_span20_exact,840112,20,exact,02d1b19875e3680cf86ec72343a16827c9548088625b7b0d1a846bd96158b63d,0,4,"[0, 5]","[0, 5]",3,3,147718067777752288/1170935903116329,147718067777752288/1170935903116329,False,0,False
s840112_span20_exact,840112,20,exact,02d1b19875e3680cf86ec72343a16827c9548088625b7b0d1a846bd96158b63d,1,9,"[0, 5]","[0, 1, 4, 5]",3,8,147718067777752288/1170935903116329,147718067777752288/1170935903116329,False,0,False
s840112_span20_heterogeneous,840112,20,heterogeneous,6dd3a52a24a1a34f321e4d33ceb38130e873d47ed7eb872a7f5dc9876eb899a2,0,4,[2],"[0, 5]",4,3,13946163256252423302324270213037/102996611268543642390044344320,113228764979881926451944334273/804661025535497206172221440,True,547118661172463283524604573907/14493281917424886585848874786944,False
s840112_span20_heterogeneous,840112,20,heterogeneous,6dd3a52a24a1a34f321e4d33ceb38130e873d47ed7eb872a7f5dc9876eb899a2,1,9,[2],"[0, 1, 2, 5]",4,9,13946163256252423302324270213037/102996611268543642390044344320,13946163256252423302324270213037/102996611268543642390044344320,False,0,False
s840112_span150_exact,840112,150,exact,10029dbeea8621e3844eb363509b8430c0e7ebc766a73b610679c61e318b15d4,0,4,"[0, 5]","[0, 5]",3,3,2927339757790822400/56294995342131197,2927339757790822400/56294995342131197,False,0,False
s840112_span150_exact,840112,150,exact,10029dbeea8621e3844eb363509b8430c0e7ebc766a73b610679c61e318b15d4,1,9,"[0, 5]","[0, 1, 4, 5]",3,8,2927339757790822400/56294995342131197,2927339757790822400/56294995342131197,False,0,False
s840112_span150_heterogeneous,840112,150,heterogeneous,953ac74c4e632a8ff98a2a566ccb5e291a8ceaed59683fa43c000077cb8bc49f,0,4,"[0, 5]","[0, 5]",3,3,1911650810468846950310728540249860/21347729174404859669922100027981,1911650810468846950310728540249860/21347729174404859669922100027981,False,0,False
s840112_span150_heterogeneous,840112,150,heterogeneous,953ac74c4e632a8ff98a2a566ccb5e291a8ceaed59683fa43c000077cb8bc49f,1,9,"[0, 5]","[0, 1, 4, 5]",3,8,1911650810468846950310728540249860/21347729174404859669922100027981,1911650810468846950310728540249860/21347729174404859669922100027981,False,0,False
s840112_span450_exact,840112,450,exact,f22621b550c8d40c3adfd4bfdfe76266aeabe5a767fb1bf850a2ebfce306f5b2,0,4,"[0, 5]","[0, 5]",3,3,90071992547409920/3152519739159347,90071992547409920/3152519739159347,False,0,False
s840112_span450_exact,840112,450,exact,f22621b550c8d40c3adfd4bfdfe76266aeabe5a767fb1bf850a2ebfce306f5b2,1,9,"[0, 5]","[0, 1, 4, 5]",3,8,90071992547409920/3152519739159347,90071992547409920/3152519739159347,False,0,False
s840112_span450_heterogeneous,840112,450,heterogeneous,9d85757b68b12482d65f3ef6c943f4836d7704eac5fdb565d2fa0cae0251841d,0,4,"[0, 5]","[0, 5]",3,3,5339911002191593257014999188953369827422657599/110710346209790679761237856564113781085437952,5339911002191593257014999188953369827422657599/110710346209790679761237856564113781085437952,False,0,False
s840112_span450_heterogeneous,840112,450,heterogeneous,9d85757b68b12482d65f3ef6c943f4836d7704eac5fdb565d2fa0cae0251841d,1,9,"[0, 2, 5]","[0, 1, 4, 5]",7,8,212498827971315185747827540851876/4455115558777451147775460701653,5339911002191593257014999188953369827422657599/110710346209790679761237856564113781085437952,True,9308313360721726467037447015852985774243897355374141802465/838479923529871558911739823097678728420585563196164093675489,False
s840113_span20_exact,840113,20,exact,12ce0e1f3dc2d874767186d922ff279ce7c1bab1eabc4abc7f1f37d882b992c5,0,5,"[0, 5]","[0, 5]",3,3,147718067777752288/1170935903116329,147718067777752288/1170935903116329,False,0,False
s840113_span20_exact,840113,20,exact,12ce0e1f3dc2d874767186d922ff279ce7c1bab1eabc4abc7f1f37d882b992c5,1,10,"[0, 5]","[0, 1, 4, 5]",3,9,147718067777752288/1170935903116329,147718067777752288/1170935903116329,False,0,False
s840113_span20_heterogeneous,840113,20,heterogeneous,3c95c2ad4cb795a466f6818545088827a6f37b05b26e221dc0b3228df826a37f,0,5,[3],"[4, 5]",4,4,2310121299242416349115975626433/17166101878090607065007390720,1219201250220408897006296222107/8583050939045303532503695360,True,128281201198401444896616817781/2438402500440817794012592444214,True
s840113_span20_heterogeneous,840113,20,heterogeneous,3c95c2ad4cb795a466f6818545088827a6f37b05b26e221dc0b3228df826a37f,1,10,[3],"[1, 2, 4, 5]",4,10,2310121299242416349115975626433/17166101878090607065007390720,1219201250220408897006296222107/8583050939045303532503695360,True,128281201198401444896616817781/2438402500440817794012592444214,True
s840113_span150_exact,840113,150,exact,1ccf89c2c194484146c10f3848a510205fd972b75248895dc4a247942b8c7647,0,5,"[0, 5]","[0, 5]",3,3,2927339757790822400/56294995342131197,2927339757790822400/56294995342131197,False,0,False
s840113_span150_exact,840113,150,exact,1ccf89c2c194484146c10f3848a510205fd972b75248895dc4a247942b8c7647,1,10,"[0, 5]","[0, 1, 4, 5]",3,9,2927339757790822400/56294995342131197,2927339757790822400/56294995342131197,False,0,False
s840113_span150_heterogeneous,840113,150,heterogeneous,65181ae32e3bd190137d6e334be4e3a862d1d6c15e6b48a070ef61eec142dad0,0,5,"[0, 5]","[0, 5]",3,3,878614034395411040087547487177250/7356753494334918266210059830599,878614034395411040087547487177250/7356753494334918266210059830599,False,0,False
s840113_span150_heterogeneous,840113,150,heterogeneous,65181ae32e3bd190137d6e334be4e3a862d1d6c15e6b48a070ef61eec142dad0,1,10,"[0, 5]","[0, 2, 3, 5]",3,10,878614034395411040087547487177250/7356753494334918266210059830599,878614034395411040087547487177250/7356753494334918266210059830599,False,0,False
s840113_span450_exact,840113,450,exact,815ddeaa235abff06ad4799b85c722492182e5a8fa5a29b63f8a084cd5aa4fda,0,5,"[0, 5]","[0, 5]",3,3,90071992547409920/3152519739159347,90071992547409920/3152519739159347,False,0,False
s840113_span450_exact,840113,450,exact,815ddeaa235abff06ad4799b85c722492182e5a8fa5a29b63f8a084cd5aa4fda,1,10,"[0, 5]","[0, 1, 4, 5]",3,9,90071992547409920/3152519739159347,90071992547409920/3152519739159347,False,0,False
s840113_span450_heterogeneous,840113,450,heterogeneous,8e083e21498f5793af84c0e90f01f7d65221c40532d957a7e2119e4e0c801065,0,5,"[0, 5]","[0, 5]",3,3,914993405749259530870617986871866/13618071456860133628080965053961,914993405749259530870617986871866/13618071456860133628080965053961,False,0,False
s840113_span450_heterogeneous,840113,450,heterogeneous,8e083e21498f5793af84c0e90f01f7d65221c40532d957a7e2119e4e0c801065,1,10,"[0, 3, 5]","[0, 1, 3, 5]",7,10,8338494957859802130172972893317788/126542568683090562651544178777471,8338494957859802130172972893317788/126542568683090562651544178777471,False,0,False
s840114_span20_exact,840114,20,exact,49f2c499954897d4cc5a4a49cdf8197d91628392d71455768ce159510d158147,0,4,"[1, 4]","[0, 1, 4]",2,4,249799659331483544/1951559838527215,249799659331483544/1951559838527215,False,0,False
s840114_span20_exact,840114,20,exact,49f2c499954897d4cc5a4a49cdf8197d91628392d71455768ce159510d158147,1,8,"[0, 5]","[0, 1, 4, 5]",6,8,147718067777752288/1170935903116329,147718067777752288/1170935903116329,False,0,False
s840114_span20_heterogeneous,840114,20,heterogeneous,994b66a6a8ab83251e7768251e18e89c7ca4c7907b2ae592720e08d09b2904d4,0,4,[5],"[0, 1, 4]",4,4,7161558214020190022292582984103/51498305634271821195022172160,116770934855644285830171145783/804661025535497206172221440,True,311781616741044270838370346009/7473339830761234293130953330112,False
s840114_span20_heterogeneous,840114,20,heterogeneous,994b66a6a8ab83251e7768251e18e89c7ca4c7907b2ae592720e08d09b2904d4,1,8,"[0, 5]","[0, 1, 4, 5]",6,8,5050393915034485292355328997/38317191692166533627248640,5050393915034485292355328997/38317191692166533627248640,False,0,False
s840114_span150_exact,840114,150,exact,4767b99d8027467f1dcfe4069e5617e031e3db6038d6bbdc9bef29a617a4a987,0,4,"[0, 4]","[0, 1, 4]",3,4,731834939447705600/11709359031163289,731834939447705600/11709359031163289,False,0,False
s840114_span150_exact,840114,150,exact,4767b99d8027467f1dcfe4069e5617e031e3db6038d6bbdc9bef29a617a4a987,1,8,"[0, 5]","[0, 1, 4, 5]",6,8,2927339757790822400/56294995342131197,2927339757790822400/56294995342131197,False,0,False
s840114_span150_heterogeneous,840114,150,heterogeneous,5b052f8b4fd2dec0ad17980454c4cf2cf5f363235994f14cbdf8579b70465e07,0,4,"[0, 4]","[0, 3, 4]",3,4,331942667098753851496532332186950/3016517850093457553905893359033,331942667098753851496532332186950/3016517850093457553905893359033,False,0,False
s840114_span150_heterogeneous,840114,150,heterogeneous,5b052f8b4fd2dec0ad17980454c4cf2cf5f363235994f14cbdf8579b70465e07,1,8,"[0, 5]","[0, 1, 4, 5]",6,8,732690795398974318818098502833786/10609408354835383815003203307673,732690795398974318818098502833786/10609408354835383815003203307673,False,0,False
s840114_span450_exact,840114,450,exact,c27fc1866c63e7a7b381512313b439a4bcddab206c2e34a6865cc0237b7ed8f4,0,4,"[0, 4]","[0, 1, 4]",3,4,1069604911500492800/30624477466119371,1069604911500492800/30624477466119371,False,0,False
s840114_span450_exact,840114,450,exact,c27fc1866c63e7a7b381512313b439a4bcddab206c2e34a6865cc0237b7ed8f4,1,8,"[0, 5]","[0, 1, 4, 5]",6,8,90071992547409920/3152519739159347,90071992547409920/3152519739159347,False,0,False
s840114_span450_heterogeneous,840114,450,heterogeneous,0455e43646a4232fe0ca41fade8c266b8185fc18f6649bea0b59ff2b63ded2b8,0,4,"[0, 4]","[0, 3, 4]",3,4,21599646203760370025181937723931940/357758157642828485375610398465917,21599646203760370025181937723931940/357758157642828485375610398465917,False,0,False
s840114_span450_heterogeneous,840114,450,heterogeneous,0455e43646a4232fe0ca41fade8c266b8185fc18f6649bea0b59ff2b63ded2b8,1,8,"[0, 5]","[0, 1, 4, 5]",6,8,15631499827916205700487129858947796/407054726040090665184395732538973,15631499827916205700487129858947796/407054726040090665184395732538973,False,0,False
s840115_span20_exact,840115,20,exact,8617c590d3fff41ffd524aeddeea55528a832b2414116719abe04d7dc6f534f7,0,6,"[0, 5]","[0, 5]",6,6,147718067777752288/1170935903116329,147718067777752288/1170935903116329,False,0,False
s840115_span20_exact,840115,20,exact,8617c590d3fff41ffd524aeddeea55528a832b2414116719abe04d7dc6f534f7,1,12,"[0, 5]","[0, 2, 4, 5]",6,11,147718067777752288/1170935903116329,147718067777752288/1170935903116329,False,0,False
s840115_span20_heterogeneous,840115,20,heterogeneous,1ae9508886fc04ce9fdda3b0dbb2633b664421dacd1397a77e84a2eb4d6f0983,0,6,[1],"[0, 5]",3,6,14087169075839624830961467571669/102996611268543642390044344320,33377128219185541243212627597749/205993222537087284780088688640,True,5202790067506291581289692454411/33377128219185541243212627597749,True
s840115_span20_heterogeneous,840115,20,heterogeneous,1ae9508886fc04ce9fdda3b0dbb2633b664421dacd1397a77e84a2eb4d6f0983,1,12,[1],"[0, 1, 2, 3]",3,11,14087169075839624830961467571669/102996611268543642390044344320,14087169075839624830961467571669/102996611268543642390044344320,False,0,False
s840115_span150_exact,840115,150,exact,2aa710bbc051810c08df7a7fd5dd2be07bc59c91eb0175f73298c0aeb8d2e237,0,6,"[0, 5]","[0, 5]",6,6,2927339757790822400/56294995342131197,2927339757790822400/56294995342131197,False,0,False
s840115_span150_exact,840115,150,exact,2aa710bbc051810c08df7a7fd5dd2be07bc59c91eb0175f73298c0aeb8d2e237,1,12,"[0, 5]","[0, 2, 4, 5]",6,11,2927339757790822400/56294995342131197,2927339757790822400/56294995342131197,False,0,False
s840115_span150_heterogeneous,840115,150,heterogeneous,36e70f38707e7301e1873e85d03ea1e51fa5cde860d9a205c7ec3cd9c0d8539c,0,6,"[1, 5]","[1, 5]",6,6,2321610538735032478799594734212848/17966584854648212940318363673117,2321610538735032478799594734212848/17966584854648212940318363673117,False,0,False
s840115_span150_heterogeneous,840115,150,heterogeneous,36e70f38707e7301e1873e85d03ea1e51fa5cde860d9a205c7ec3cd9c0d8539c,1,12,"[1, 5]","[0, 1, 2, 5]",6,10,2321610538735032478799594734212848/17966584854648212940318363673117,2321610538735032478799594734212848/17966584854648212940318363673117,False,0,False
s840115_span450_exact,840115,450,exact,ed4eeac1e0eaf5ffac4d0dd3e52bbc62dfe8242ad2ec885fd23f849c092883d0,0,6,"[0, 5]","[0, 5]",6,6,90071992547409920/3152519739159347,90071992547409920/3152519739159347,False,0,False
s840115_span450_exact,840115,450,exact,ed4eeac1e0eaf5ffac4d0dd3e52bbc62dfe8242ad2ec885fd23f849c092883d0,1,12,"[0, 5]","[0, 2, 4, 5]",6,11,90071992547409920/3152519739159347,90071992547409920/3152519739159347,False,0,False
s840115_span450_heterogeneous,840115,450,heterogeneous,e377c1f41f4e5781d5bb273e3dc8cae5fd62199fdafdf6fb8624f9effe15365a,0,6,"[1, 5]","[0, 5]",6,6,2751229446874569801500907989948032/40974443248790574916781164257821,3831124630735793188308255226971704/23454826106216847744982591487647,True,3665662634797399795620285309639128896698687214905/6224314665313856840569875259173031889132023624009,False
s840115_span450_heterogeneous,840115,450,heterogeneous,e377c1f41f4e5781d5bb273e3dc8cae5fd62199fdafdf6fb8624f9effe15365a,1,12,"[1, 3, 5]","[0, 1, 2, 5]",10,10,217817679790367056908760521332940/3255428862548078110656528824341,2063841761572292797533051059107660/30807981646709630034098986502897,True,129530625019740364346834306666942527097481652/106560633941440780606751753721236668271531836849,False
s840116_span20_exact,840116,20,exact,d6b3aca950eaceaf1f5ec36e8b914cf0443a228a36cf7a50a213fe2bc88d18d6,0,4,"[1, 4]","[0, 4]",3,4,249799659331483544/1951559838527215,249799659331483544/1951559838527215,False,0,False
s840116_span20_exact,840116,20,exact,d6b3aca950eaceaf1f5ec36e8b914cf0443a228a36cf7a50a213fe2bc88d18d6,1,8,"[0, 5]","[0, 2, 4, 5]",6,8,147718067777752288/1170935903116329,147718067777752288/1170935903116329,False,0,False
s840116_span20_heterogeneous,840116,20,heterogeneous,319770a482def63660fe5a6eb21eebfc430de8bf18cc7ba599c67f11cc4a3a3e,0,4,[3],"[2, 5]",3,4,131716434813212332392830868843/980920107319463260857565184,108141408317136651446094730729/643728820428397764937777152,True,694479935070913866025583137625/3460525066148372846275031383328,True
s840116_span20_heterogeneous,840116,20,heterogeneous,319770a482def63660fe5a6eb21eebfc430de8bf18cc7ba599c67f11cc4a3a3e,1,8,[3],"[2, 3, 4, 5]",3,8,131716434813212332392830868843/980920107319463260857565184,131716434813212332392830868843/980920107319463260857565184,False,0,True
s840116_span150_exact,840116,150,exact,b68df1737b9273b430d909e8f15138b67625d48c2f70451f6d7b23c5954607a9,0,4,"[0, 4]","[0, 4]",4,4,731834939447705600/11709359031163289,731834939447705600/11709359031163289,False,0,False
s840116_span150_exact,840116,150,exact,b68df1737b9273b430d909e8f15138b67625d48c2f70451f6d7b23c5954607a9,1,8,"[0, 5]","[0, 2, 4, 5]",6,8,2927339757790822400/56294995342131197,2927339757790822400/56294995342131197,False,0,False
s840116_span150_heterogeneous,840116,150,heterogeneous,41cb5ad39f174de46cb18c983d183e977ae5ff25d19ea324ab0525461d9718fb,0,4,"[0, 4]","[0, 4]",4,4,1798163341516190511170805112838410/17908120714483744727778326345907,1798163341516190511170805112838410/17908120714483744727778326345907,False,0,False
s840116_span150_heterogeneous,840116,150,heterogeneous,41cb5ad39f174de46cb18c983d183e977ae5ff25d19ea324ab0525461d9718fb,1,8,"[0, 4]","[0, 2, 3, 4]",4,8,1798163341516190511170805112838410/17908120714483744727778326345907,1798163341516190511170805112838410/17908120714483744727778326345907,False,0,False
s840116_span450_exact,840116,450,exact,f1cb4f658dee2287cc78ed85ad1b7f1e3627591a65660a001051edb66650c91f,0,4,"[0, 4]","[0, 4]",4,4,1069604911500492800/30624477466119371,1069604911500492800/30624477466119371,False,0,False
s840116_span450_exact,840116,450,exact,f1cb4f658dee2287cc78ed85ad1b7f1e3627591a65660a001051edb66650c91f,1,8,"[0, 5]","[0, 2, 4, 5]",6,8,90071992547409920/3152519739159347,90071992547409920/3152519739159347,False,0,False
s840116_span450_heterogeneous,840116,450,heterogeneous,d7b897ccc1e4b68b772af11f1c29d7fc2962850fb4f9012b61a6927716c256a2,0,4,"[0, 4]","[0, 4]",4,4,1792205190676628437962512132635246/35623026655421249006791334547763,1792205190676628437962512132635246/35623026655421249006791334547763,False,0,False
s840116_span450_heterogeneous,840116,450,heterogeneous,d7b897ccc1e4b68b772af11f1c29d7fc2962850fb4f9012b61a6927716c256a2,1,8,"[0, 4]","[0, 2, 4, 5]",4,8,1792205190676628437962512132635246/35623026655421249006791334547763,1792205190676628437962512132635246/35623026655421249006791334547763,False,0,False
s840117_span20_exact,840117,20,exact,ffea967f868faee6ba1fc536fbb5a6a2d14360eba6c5aab6d88395388521f015,0,5,"[0, 5]","[0, 1, 5]",2,5,147718067777752288/1170935903116329,147718067777752288/1170935903116329,False,0,False
s840117_span20_exact,840117,20,exact,ffea967f868faee6ba1fc536fbb5a6a2d14360eba6c5aab6d88395388521f015,1,10,"[0, 5]","[0, 1, 4, 5]",2,8,147718067777752288/1170935903116329,147718067777752288/1170935903116329,False,0,False
s840117_span20_heterogeneous,840117,20,heterogeneous,a6d91be7f2da1808976b5e69ea6c1c0eff18a10445141a4e960b92a24111ed74,0,5,"[3, 5]","[3, 5]",5,5,674096333711088667844025104999/4904600536597316304287825920,674096333711088667844025104999/4904600536597316304287825920,False,0,False
s840117_span20_heterogeneous,840117,20,heterogeneous,a6d91be7f2da1808976b5e69ea6c1c0eff18a10445141a4e960b92a24111ed74,1,10,"[3, 5]","[0, 2, 3, 5]",5,10,674096333711088667844025104999/4904600536597316304287825920,674096333711088667844025104999/4904600536597316304287825920,False,0,False
s840117_span150_exact,840117,150,exact,530b1c21762d2f4e31642f15bf108da2935980ea063afaebbccbca94d81fbd8f,0,5,"[0, 5]","[0, 1, 5]",2,5,2927339757790822400/56294995342131197,2927339757790822400/56294995342131197,False,0,False
s840117_span150_exact,840117,150,exact,530b1c21762d2f4e31642f15bf108da2935980ea063afaebbccbca94d81fbd8f,1,10,"[0, 5]","[0, 1, 4, 5]",2,8,2927339757790822400/56294995342131197,2927339757790822400/56294995342131197,False,0,False
s840117_span150_heterogeneous,840117,150,heterogeneous,582f49f4ab3d5ba3bed71c4e56669c8451827e983bf82cc2af1c9592c3138cad,0,5,"[2, 5]","[0, 1, 5]",5,5,1853030104534360799168486643413732/14941730093762750480887109760871,1284980479766668146863014215714500/8816323215255920390759443096087,True,37669989148064901050838044791822490601249570147695430637316616/252629361900359507200002871036556902202258153521799522439570125,False
s840117_span150_heterogeneous,840117,150,heterogeneous,582f49f4ab3d5ba3bed71c4e56669c8451827e983bf82cc2af1c9592c3138cad,1,10,"[2, 5]","[0, 1, 2, 5]",5,9,1853030104534360799168486643413732/14941730093762750480887109760871,1853030104534360799168486643413732/14941730093762750480887109760871,False,0,False
s840117_span450_exact,840117,450,exact,a6c3e1622550dae63fbd00b128e325164951309993dd5d4c73ef4209baf3fa3a,0,5,"[0, 5]","[0, 1, 5]",2,5,90071992547409920/3152519739159347,90071992547409920/3152519739159347,False,0,False
s840117_span450_exact,840117,450,exact,a6c3e1622550dae63fbd00b128e325164951309993dd5d4c73ef4209baf3fa3a,1,10,"[0, 5]","[0, 1, 4, 5]",2,8,90071992547409920/3152519739159347,90071992547409920/3152519739159347,False,0,False
s840117_span450_heterogeneous,840117,450,heterogeneous,01c10003a417125569e1ba8236e47bf786223deef91522f620dce3e99eed8ad7,0,5,"[2, 5]","[0, 1, 5]",5,5,2647847030877460613640721230017252/34907227047357362287822790047591,1793873014775560275093827444319964186506366067/21625345711947641280000709706291805390110720,True,5358525185818744236604179262672158097696192239120135861012627184115607353157/62619132620897930833957773701930013573300060908015788902409303765291397494597,False
s840117_span450_heterogeneous,840117,450,heterogeneous,01c10003a417125569e1ba8236e47bf786223deef91522f620dce3e99eed8ad7,1,10,"[2, 5]","[0, 1, 3, 5]",5,9,2647847030877460613640721230017252/34907227047357362287822790047591,1793873014775560275093827444319964186506366067/21625345711947641280000709706291805390110720,True,5358525185818744236604179262672158097696192239120135861012627184115607353157/62619132620897930833957773701930013573300060908015788902409303765291397494597,False
s840118_span20_exact,840118,20,exact,7783fc52a8381aafdb203757f9d8f5f27eec9e55cc2a38ce0b4b5b5de1bf64f9,0,4,"[0, 5]","[1, 2, 5]",4,4,147718067777752288/1170935903116329,249799659331483544/1951559838527215,True,1351079888211149/93674872249306329,False
s840118_span20_exact,840118,20,exact,7783fc52a8381aafdb203757f9d8f5f27eec9e55cc2a38ce0b4b5b5de1bf64f9,1,8,"[0, 5]","[0, 1, 2, 3, 5]",4,8,147718067777752288/1170935903116329,147718067777752288/1170935903116329,False,0,False
s840118_span20_heterogeneous,840118,20,heterogeneous,21a3bfcdbd7db604614e06f55c18571bc95a8882cfa58c3914c366b203699e1f,0,4,[4],"[0, 1, 2]",4,4,336215738971019517198377614919/2452300268298658152143912960,1791065163474297254580654098287/12874576408567955298755543040,True,103730135505779157156686479849/7164260653897189018322616393148,True
s840118_span20_heterogeneous,840118,20,heterogeneous,21a3bfcdbd7db604614e06f55c18571bc95a8882cfa58c3914c366b203699e1f,1,8,[4],"[0, 1, 2, 4]",4,8,336215738971019517198377614919/2452300268298658152143912960,336215738971019517198377614919/2452300268298658152143912960,False,0,False
s840118_span150_exact,840118,150,exact,4682784a42fccb8880e464d8e012870480a4d4b09bbbbe3996baf417b5e3e01c,0,4,"[0, 5]","[1, 2, 5]",4,4,2927339757790822400/56294995342131197,731834939447705600/11709359031163289,True,9457559217478041/56294995342131197,False
s840118_span150_exact,840118,150,exact,4682784a42fccb8880e464d8e012870480a4d4b09bbbbe3996baf417b5e3e01c,1,8,"[0, 5]","[0, 1, 2, 3, 5]",4,8,2927339757790822400/56294995342131197,2927339757790822400/56294995342131197,False,0,False
s840118_span150_heterogeneous,840118,150,heterogeneous,7caf2330dd53326d5c0d9ec2be9a0019284919abad2c94bc666667c5ae9b2b36,0,4,"[2, 5]","[0, 5]",3,4,135514703421617902321833686991970/1048835376195582564022731912553,3738645159049021231078325792681/25749152817135910597511086080,True,431834494480883758926556214724663288312226667494105960646993/3921223301852973791508000647104009253680995321896868899424593,False
s840118_span150_heterogeneous,840118,150,heterogeneous,7caf2330dd53326d5c0d9ec2be9a0019284919abad2c94bc666667c5ae9b2b36,1,8,"[2, 5]","[0, 1, 2, 3, 5]",3,8,135514703421617902321833686991970/1048835376195582564022731912553,135514703421617902321833686991970/1048835376195582564022731912553,False,0,False
s840118_span450_exact,840118,450,exact,338357458d087b9a317376b8cc9ca546d387dd88a4ca457f559eaa6ded578b3a,0,4,"[0, 5]","[1, 2, 5]",4,4,90071992547409920/3152519739159347,1069604911500492800/30624477466119371,True,54493555491182997/299489375220137965,False
s840118_span450_exact,840118,450,exact,338357458d087b9a317376b8cc9ca546d387dd88a4ca457f559eaa6ded578b3a,1,8,"[0, 5]","[0, 1, 2, 3, 5]",4,8,90071992547409920/3152519739159347,90071992547409920/3152519739159347,False,0,False
s840118_span450_heterogeneous,840118,450,heterogeneous,ed18986fab655114e4424618310576906ce91e43988b54d4c28af2e58bd00b5e,0,4,"[2, 5]","[0, 5]",3,4,72717714934006168150047462392270/1019093888833316697154527266543,755098456161591388195181110300764/7532270753989919635618665724495,True,110893352323679598114754172720615715395528707892556428043442601/384758111070874937789102177418252790702873734098056420762269426,False
s840118_span450_heterogeneous,840118,450,heterogeneous,ed18986fab655114e4424618310576906ce91e43988b54d4c28af2e58bd00b5e,1,8,"[2, 5]","[0, 1, 2, 3, 5]",3,8,72717714934006168150047462392270/1019093888833316697154527266543,72717714934006168150047462392270/1019093888833316697154527266543,False,0,False
s840119_span20_exact,840119,20,exact,d5ca53214f9cf4f51ff16a8190922bbfce969ee8b1f649de243e1a3b766efcb4,0,6,"[0, 5]","[0, 5]",5,5,147718067777752288/1170935903116329,147718067777752288/1170935903116329,False,0,False
s840119_span20_exact,840119,20,exact,d5ca53214f9cf4f51ff16a8190922bbfce969ee8b1f649de243e1a3b766efcb4,1,12,"[0, 5]","[0, 1, 4, 5]",5,12,147718067777752288/1170935903116329,147718067777752288/1170935903116329,False,0,False
s840119_span20_heterogeneous,840119,20,heterogeneous,5b6f3d78fddf313c3c7130fc01c84193904bf992dc45eec4fd2bee0db810e929,0,6,"[1, 5]","[1, 5]",5,5,1986492823626280892230418197813/14713801609791948912863477760,1986492823626280892230418197813/14713801609791948912863477760,False,0,False
s840119_span20_heterogeneous,840119,20,heterogeneous,5b6f3d78fddf313c3c7130fc01c84193904bf992dc45eec4fd2bee0db810e929,1,12,"[1, 5]","[1, 2, 4, 5]",5,12,1986492823626280892230418197813/14713801609791948912863477760,1986492823626280892230418197813/14713801609791948912863477760,False,0,False
s840119_span150_exact,840119,150,exact,1a519a14a6fe1b548611e56c204d0e3b59e600a4e35494d23b25e416404bd9dd,0,6,"[0, 5]","[0, 5]",5,5,2927339757790822400/56294995342131197,2927339757790822400/56294995342131197,False,0,False
s840119_span150_exact,840119,150,exact,1a519a14a6fe1b548611e56c204d0e3b59e600a4e35494d23b25e416404bd9dd,1,12,"[0, 5]","[0, 1, 4, 5]",5,12,2927339757790822400/56294995342131197,2927339757790822400/56294995342131197,False,0,False
s840119_span150_heterogeneous,840119,150,heterogeneous,a1c59e463124a49e35966575a8a07790da5e687140c4777ad04a1755a57721a1,0,6,"[1, 5]","[1, 5]",5,5,493006460657183014822330679865556/5846527947897068932112404608621,493006460657183014822330679865556/5846527947897068932112404608621,False,0,False
s840119_span150_heterogeneous,840119,150,heterogeneous,a1c59e463124a49e35966575a8a07790da5e687140c4777ad04a1755a57721a1,1,12,"[1, 5]","[0, 1, 4, 5]",5,12,493006460657183014822330679865556/5846527947897068932112404608621,493006460657183014822330679865556/5846527947897068932112404608621,False,0,False
s840119_span450_exact,840119,450,exact,a761d8c242af6e185e106290745ef181aa3b68d8aaec2a01b2976148f769f0e5,0,6,"[0, 5]","[0, 5]",5,5,90071992547409920/3152519739159347,90071992547409920/3152519739159347,False,0,False
s840119_span450_exact,840119,450,exact,a761d8c242af6e185e106290745ef181aa3b68d8aaec2a01b2976148f769f0e5,1,12,"[0, 5]","[0, 1, 4, 5]",5,12,90071992547409920/3152519739159347,90071992547409920/3152519739159347,False,0,False
s840119_span450_heterogeneous,840119,450,heterogeneous,7af5919ad656e38cfdbba0df5957bad8c25532b24852b0b48ce819345db57ecc,0,6,"[1, 5]","[0, 5]",5,5,693612168143300314935171683365076/14720082149494674179639373624941,1515755398551324397125412666589676/22262221276010302500199752521003,True,1717674104569030037309543844032295388375997537562292243740004472/5578010996303883944186575529232878081500414810500990546091677279,False
s840119_span450_heterogeneous,840119,450,heterogeneous,7af5919ad656e38cfdbba0df5957bad8c25532b24852b0b48ce819345db57ecc,1,12,"[1, 5]","[0, 1, 4, 5]",5,12,693612168143300314935171683365076/14720082149494674179639373624941,693612168143300314935171683365076/14720082149494674179639373624941,False,0,False
s840120_span20_exact,840120,20,exact,bf9621a3105fb092af38cb22071f8f813a0308f6e29a1a5d0bbc55bb90a37b20,0,4,"[0, 5]","[0, 1, 5]",3,4,147718067777752288/1170935903116329,147718067777752288/1170935903116329,False,0,False
s840120_span20_exact,840120,20,exact,bf9621a3105fb092af38cb22071f8f813a0308f6e29a1a5d0bbc55bb90a37b20,1,9,"[0, 5]","[0, 1, 4, 5]",3,7,147718067777752288/1170935903116329,147718067777752288/1170935903116329,False,0,False
s840120_span20_heterogeneous,840120,20,heterogeneous,ff5c9552caca0adc2884e521870b53f66a11af615fbe92d17cf40830a9bfb7d3,0,4,"[0, 4]","[0, 1, 5]",4,4,13924972758137806015197655520389/102996611268543642390044344320,74259591052783199281255238949/536440683690331470781480960,True,332868723996568246803350357819/14257841482134374262001005878208,False
s840120_span20_heterogeneous,840120,20,heterogeneous,ff5c9552caca0adc2884e521870b53f66a11af615fbe92d17cf40830a9bfb7d3,1,9,"[0, 4]","[0, 3, 4, 5]",4,9,13924972758137806015197655520389/102996611268543642390044344320,13924972758137806015197655520389/102996611268543642390044344320,False,0,False
s840120_span150_exact,840120,150,exact,79d96cf0a8d0e9f51aa0d9d4ad83eb083802b713f49fbb20f9b78710a1b08282,0,4,"[0, 5]","[0, 1, 5]",3,4,2927339757790822400/56294995342131197,2927339757790822400/56294995342131197,False,0,False
s840120_span150_exact,840120,150,exact,79d96cf0a8d0e9f51aa0d9d4ad83eb083802b713f49fbb20f9b78710a1b08282,1,9,"[0, 5]","[0, 1, 4, 5]",3,7,2927339757790822400/56294995342131197,2927339757790822400/56294995342131197,False,0,False
s840120_span150_heterogeneous,840120,150,heterogeneous,9c0258c8d2574ffe3c9b2a7d0602c17413b6f0c05cdceefca1a7b396201d4ad1,0,4,"[0, 4]","[0, 1, 5]",4,4,1377067122992001219064469366477852/16735797759340599043445899211857,1905951599603238617674301741335780/21892857234312698141829537771589,True,437421646080475873757087057411458629067536531693760763647749158/7974405127512877859623720360879581795708724376610741745098585865,False
s840120_span150_heterogeneous,840120,150,heterogeneous,9c0258c8d2574ffe3c9b2a7d0602c17413b6f0c05cdceefca1a7b396201d4ad1,1,9,"[0, 4]","[0, 3, 4, 5]",4,9,1377067122992001219064469366477852/16735797759340599043445899211857,1377067122992001219064469366477852/16735797759340599043445899211857,False,0,False
s840120_span450_exact,840120,450,exact,a6abeea31a86ed33a636e4cf154b348bdec5d2b1107c56ac90b41ead8ad3e845,0,4,"[0, 5]","[0, 1, 5]",3,4,90071992547409920/3152519739159347,90071992547409920/3152519739159347,False,0,False
s840120_span450_exact,840120,450,exact,a6abeea31a86ed33a636e4cf154b348bdec5d2b1107c56ac90b41ead8ad3e845,1,9,"[0, 5]","[0, 1, 4, 5]",3,7,90071992547409920/3152519739159347,90071992547409920/3152519739159347,False,0,False
s840120_span450_heterogeneous,840120,450,heterogeneous,e28569bf3b06b61e8c392b07415b141f877e13348f6ee1f8d8130b4ad986224b,0,4,"[0, 4]","[0, 1, 5]",4,4,128012023645246123895456584277094174074712844301/3050939667812733248786990991442211609891569664,10772110781553239564511275620960171563732035439/223818190981563920813630206412530812647899136,True,958070935063421906351010740528551921469986434527374286301916820928198989764265/7472649506215476106150707273819698364999974865396054714231278472264096081695274,False
s840120_span450_heterogeneous,840120,450,heterogeneous,e28569bf3b06b61e8c392b07415b141f877e13348f6ee1f8d8130b4ad986224b,1,9,"[0, 4]","[0, 1, 4, 5]",4,7,128012023645246123895456584277094174074712844301/3050939667812733248786990991442211609891569664,128012023645246123895456584277094174074712844301/3050939667812733248786990991442211609891569664,False,0,False
