seed,budget_cells,strict_budget,quote_requests,both_feasible,cheaper,tied,only_ours,neither,conditional_mean_saving
840101,12,1,24,16,12,4,0,8,0.12857142857142856
840102,12,0,24,17,12,5,0,7,0.1306340718105424
840103,12,3,24,16,11,5,0,8,0.1554373361013986
840104,12,0,24,16,11,5,0,8,0.09788961038961039
840105,12,6,24,16,11,5,0,8,0.06935298317994287
840106,12,2,24,17,12,5,0,7,0.1338154368064637
840107,12,0,24,17,11,6,0,7,0.11138273491214667
840108,12,3,24,16,13,3,0,8,0.1693095004310758
840109,12,6,24,16,12,4,0,8,0.08158124404950809
840110,12,3,24,17,13,4,0,7,0.08505440616424291
840111,12,3,24,16,12,4,0,8,0.1387987012987013
840112,12,2,24,17,12,5,0,7,0.11974789915966387
840113,12,2,24,16,10,6,0,8,0.11566558441558442
840114,12,1,24,18,14,4,0,6,0.08350567236635152
840115,12,3,24,16,12,4,0,8,0.1818045236013986
840116,12,1,24,16,12,4,0,8,0.08158124404950809
840117,12,3,24,16,11,5,0,8,0.07568984949331153
840118,12,6,24,16,12,4,0,8,0.08158124404950809
840119,12,1,24,17,12,5,0,7,0.14383561643835616
840120,12,3,24,17,11,6,0,7,0.06527339593406388
