profile,label,stratum,conditions,finite,clean_events,finite_clean,worst_complete_events,clean_rmse,clean_mae,pooled_rmse,maximum_error,finite_library_worst_rmse,raw_clean_rmse,statuses
exact,CRH_TKDE2016__native,all,3408,3408,213,213,213,8.741199873021351,6.866614399019437,9.954229197443224,69.3870122372283,13.539127323386566,8.761457430718227,{'converged': 3408}
exact,CRH_TKDE2016__native,model_valid,3408,3408,213,213,213,8.741199873021351,6.866614399019437,9.954229197443224,69.3870122372283,13.539127323386566,8.761457430718227,{'converged': 3408}
exact,CRH_TKDE2016__weighted_source_affine,all,3408,3408,213,213,213,2.1986591014460033,1.6077371083482976,2.6976131040467437,11.344510714921945,4.668667911456457,2.1986591014460033,{'converged': 3408}
exact,CRH_TKDE2016__weighted_source_affine,model_valid,3408,3408,213,213,213,2.1986591014460033,1.6077371083482976,2.6976131040467437,11.344510714921945,4.668667911456457,2.1986591014460033,{'converged': 3408}
exact,EPTD_TIFS2022__native,all,3408,3408,213,213,213,7.994351073883365,6.126566182678513,8.618640117853632,52.80430293350446,13.677710243351717,8.005568336924872,{'converged': 3408}
exact,EPTD_TIFS2022__native,model_valid,3408,3408,213,213,213,7.994351073883365,6.126566182678513,8.618640117853632,52.80430293350446,13.677710243351717,8.005568336924872,{'converged': 3408}
exact,EPTD_TIFS2022__weighted_source_affine,all,3408,3408,213,213,213,2.1299622539837775,1.5180721281578058,5.015422084762045,19.06557759043082,13.173087038227008,2.1299622539837775,{'converged': 3408}
exact,EPTD_TIFS2022__weighted_source_affine,model_valid,3408,3408,213,213,213,2.1299622539837775,1.5180721281578058,5.015422084762045,19.06557759043082,13.173087038227008,2.1299622539837775,{'converged': 3408}
exact,FETD_AK_AAAI2023__native,all,3408,3408,213,213,213,7.058355217791853,5.493351505102114,13.64357463742723,69.0477155512371,23.66496023344848,7.075121316362852,{'closed_form': 3408}
exact,FETD_AK_AAAI2023__native,model_valid,3408,3408,213,213,213,7.058355217791853,5.493351505102114,13.64357463742723,69.0477155512371,23.66496023344848,7.075121316362852,{'closed_form': 3408}
exact,FETD_AK_AAAI2023__weighted_source_affine,all,3408,3408,213,213,213,2.0293734444014544,1.532360420013093,4.545621030817332,15.94405292345084,8.839060292275796,2.0293734444014544,{'closed_form': 3408}
exact,FETD_AK_AAAI2023__weighted_source_affine,model_valid,3408,3408,213,213,213,2.0293734444014544,1.532360420013093,4.545621030817332,15.94405292345084,8.839060292275796,2.0293734444014544,{'closed_form': 3408}
exact,FETD_D_AAAI2023__native,all,3408,3408,213,213,213,7.993262660398932,6.059053321498021,8.42485377974965,56.537059903457674,13.813843241492215,8.012515617970424,{'closed_form': 3408}
exact,FETD_D_AAAI2023__native,model_valid,3408,3408,213,213,213,7.993262660398932,6.059053321498021,8.42485377974965,56.537059903457674,13.813843241492215,8.012515617970424,{'closed_form': 3408}
exact,FETD_D_AAAI2023__weighted_source_affine,all,3408,3408,213,213,213,2.091747782361565,1.4910058743478656,2.4303469158856563,12.016489856019518,4.901301854074958,2.091747782361565,{'closed_form': 3408}
exact,FETD_D_AAAI2023__weighted_source_affine,model_valid,3408,3408,213,213,213,2.091747782361565,1.4910058743478656,2.4303469158856563,12.016489856019518,4.901301854074958,2.091747782361565,{'closed_form': 3408}
exact,MLNI_JSAC2022__native,all,3408,3408,213,213,213,18.583668035809083,12.340926070200426,19.340217117922627,84.16043671546524,24.000964668688844,18.583668035809083,{'converged': 3408}
exact,MLNI_JSAC2022__native,model_valid,3408,3408,213,213,213,18.583668035809083,12.340926070200426,19.340217117922627,84.16043671546524,24.000964668688844,18.583668035809083,{'converged': 3408}
exact,MLNI_JSAC2022__proper_public_WLS,all,3408,3408,213,213,213,1.9142550278066337,1.3542362305454512,2.187925432450187,11.497104887792318,3.6859356984878944,1.9142550278066337,{'converged': 3408}
exact,MLNI_JSAC2022__proper_public_WLS,model_valid,3408,3408,213,213,213,1.9142550278066337,1.3542362305454512,2.187925432450187,11.497104887792318,3.6859356984878944,1.9142550278066337,{'converged': 3408}
exact,MLNI_JSAC2022__weighted_source_affine,all,3408,3408,213,213,213,18.538103806961953,12.12703232642578,18.561738132779308,58.99999416363079,18.650944432452818,18.538103806961953,{'converged': 3408}
exact,MLNI_JSAC2022__weighted_source_affine,model_valid,3408,3408,213,213,213,18.538103806961953,12.12703232642578,18.561738132779308,58.99999416363079,18.650944432452818,18.538103806961953,{'converged': 3408}
exact,SourceBridge_MLNI_WLS,all,3408,3408,213,213,213,18.538103806961953,12.12703232642578,18.561738132779308,58.99999416363079,18.650944432452818,18.538103806961953,{'defined': 3408}
exact,SourceBridge_MLNI_WLS,model_valid,3408,3408,213,213,213,18.538103806961953,12.12703232642578,18.561738132779308,58.99999416363079,18.650944432452818,18.538103806961953,{'defined': 3408}
exact,SourceBridge_packet,all,3408,3408,213,213,213,3.9610521976005053,2.978589141151958,3.9540865402908305,17.014311296519466,5.826088661488745,3.9610521976005053,{'feasible': 3408}
exact,SourceBridge_packet,model_valid,3408,3408,213,213,213,3.9610521976005053,2.978589141151958,3.9540865402908305,17.014311296519466,5.826088661488745,3.9610521976005053,{'feasible': 3408}
exact,SourceBridge_proper_MLNI_WLS,all,3408,3408,213,213,213,1.9142550278066337,1.3542362305454512,2.187925432450187,11.497104887792318,3.6859356984878944,1.9142550278066337,{'defined': 3408}
exact,SourceBridge_proper_MLNI_WLS,model_valid,3408,3408,213,213,213,1.9142550278066337,1.3542362305454512,2.187925432450187,11.497104887792318,3.6859356984878944,1.9142550278066337,{'defined': 3408}
exact,weighted_source_affine_median,all,3408,3408,213,213,213,2.234622100472174,1.5938227767780717,2.691670211160017,11.297929338000301,3.7190946118175816,2.234622100472174,{'closed_form': 3408}
exact,weighted_source_affine_median,model_valid,3408,3408,213,213,213,2.234622100472174,1.5938227767780717,2.691670211160017,11.297929338000301,3.7190946118175816,2.234622100472174,{'closed_form': 3408}
heterogeneous,CRH_TKDE2016__native,all,3408,3408,213,213,213,8.692862097785694,6.839449371305179,9.908814340044447,69.3870122372283,13.82689534654461,8.712801595482773,{'converged': 3408}
heterogeneous,CRH_TKDE2016__native,model_valid,3408,3408,213,213,213,8.692862097785694,6.839449371305179,9.908814340044447,69.3870122372283,13.82689534654461,8.712801595482773,{'converged': 3408}
heterogeneous,CRH_TKDE2016__weighted_source_affine,all,3408,3408,213,213,213,3.0810042982024233,2.2772556131713344,3.574485001887284,23.703490296983446,6.078469211114845,3.082241592587069,{'converged': 3408}
heterogeneous,CRH_TKDE2016__weighted_source_affine,model_valid,3408,3408,213,213,213,3.0810042982024233,2.2772556131713344,3.574485001887284,23.703490296983446,6.078469211114845,3.082241592587069,{'converged': 3408}
heterogeneous,EPTD_TIFS2022__native,all,3408,3408,213,213,213,7.9783870695002514,6.122124691417473,8.553917291052795,51.44266140382854,13.388711808408276,7.989641550364254,{'converged': 3408}
heterogeneous,EPTD_TIFS2022__native,model_valid,3408,3408,213,213,213,7.9783870695002514,6.122124691417473,8.553917291052795,51.44266140382854,13.388711808408276,7.989641550364254,{'converged': 3408}
heterogeneous,EPTD_TIFS2022__weighted_source_affine,all,3408,3408,213,213,213,3.155324067229102,2.290344332876304,5.432740922524739,24.365151128297583,13.73965980613593,3.155324067229102,{'converged': 3408}
heterogeneous,EPTD_TIFS2022__weighted_source_affine,model_valid,3408,3408,213,213,213,3.155324067229102,2.290344332876304,5.432740922524739,24.365151128297583,13.73965980613593,3.155324067229102,{'converged': 3408}
heterogeneous,FETD_AK_AAAI2023__native,all,3408,3408,213,213,213,7.076061859948656,5.415562501822976,13.174460135035247,67.1047921832868,21.751562956070412,7.089917276890353,{'closed_form': 3408}
heterogeneous,FETD_AK_AAAI2023__native,model_valid,3408,3408,213,213,213,7.076061859948656,5.415562501822976,13.174460135035247,67.1047921832868,21.751562956070412,7.089917276890353,{'closed_form': 3408}
heterogeneous,FETD_AK_AAAI2023__weighted_source_affine,all,3408,3408,213,213,213,2.6689765185766032,2.0153543435327212,5.420664715258671,36.70089128242516,10.225775998418424,2.6689765185766032,{'closed_form': 3408}
heterogeneous,FETD_AK_AAAI2023__weighted_source_affine,model_valid,3408,3408,213,213,213,2.6689765185766032,2.0153543435327212,5.420664715258671,36.70089128242516,10.225775998418424,2.6689765185766032,{'closed_form': 3408}
heterogeneous,FETD_D_AAAI2023__native,all,3408,3408,213,213,213,8.002678838098525,6.0719499767155884,8.35796602019361,55.60919467971718,13.499065958100326,8.024180264572555,{'closed_form': 3408}
heterogeneous,FETD_D_AAAI2023__native,model_valid,3408,3408,213,213,213,8.002678838098525,6.0719499767155884,8.35796602019361,55.60919467971718,13.499065958100326,8.024180264572555,{'closed_form': 3408}
heterogeneous,FETD_D_AAAI2023__weighted_source_affine,all,3408,3408,213,213,213,3.1489095793282313,2.277444756746274,3.176363682179801,16.13688233819738,5.3914080467097225,3.1489095793282313,{'closed_form': 3408}
heterogeneous,FETD_D_AAAI2023__weighted_source_affine,model_valid,3408,3408,213,213,213,3.1489095793282313,2.277444756746274,3.176363682179801,16.13688233819738,5.3914080467097225,3.1489095793282313,{'closed_form': 3408}
heterogeneous,MLNI_JSAC2022__native,all,3408,3408,213,213,213,24.78774154517866,16.135682771641353,24.876355099305634,145.08681081353936,25.518602937005223,24.78774154517866,{'converged': 3408}
heterogeneous,MLNI_JSAC2022__native,model_valid,3408,3408,213,213,213,24.78774154517866,16.135682771641353,24.876355099305634,145.08681081353936,25.518602937005223,24.78774154517866,{'converged': 3408}
heterogeneous,MLNI_JSAC2022__proper_public_WLS,all,3408,3408,213,213,213,3.0020597776014863,2.1299313922458887,3.13897743405066,16.434712945968442,4.859969656942147,3.003125118524161,{'converged': 3408}
heterogeneous,MLNI_JSAC2022__proper_public_WLS,model_valid,3408,3408,213,213,213,3.0020597776014863,2.1299313922458887,3.13897743405066,16.434712945968442,4.859969656942147,3.003125118524161,{'converged': 3408}
heterogeneous,MLNI_JSAC2022__weighted_source_affine,all,3408,3408,213,213,213,24.767830159676084,16.03003603940481,24.77147871919598,145.08681081353936,24.78136114521726,24.767830159676084,{'converged': 3408}
heterogeneous,MLNI_JSAC2022__weighted_source_affine,model_valid,3408,3408,213,213,213,24.767830159676084,16.03003603940481,24.77147871919598,145.08681081353936,24.78136114521726,24.767830159676084,{'converged': 3408}
heterogeneous,SourceBridge_MLNI_WLS,all,3408,3408,213,213,213,21.78910315147804,15.235116328077922,21.82257166339775,74.22562385674537,22.12154612188042,21.78910315147804,{'defined': 3408}
heterogeneous,SourceBridge_MLNI_WLS,model_valid,3408,3408,213,213,213,21.78910315147804,15.235116328077922,21.82257166339775,74.22562385674537,22.12154612188042,21.78910315147804,{'defined': 3408}
heterogeneous,SourceBridge_packet,all,3408,3408,213,213,213,4.371904099200629,3.5044902546690775,4.414581550408668,18.47765077241536,6.484234307386432,4.371904099200629,{'feasible': 3408}
heterogeneous,SourceBridge_packet,model_valid,3408,3408,213,213,213,4.371904099200629,3.5044902546690775,4.414581550408668,18.47765077241536,6.484234307386432,4.371904099200629,{'feasible': 3408}
heterogeneous,SourceBridge_proper_MLNI_WLS,all,3408,3408,213,213,213,3.0020597776014863,2.1299313922458887,3.13897743405066,16.434712945968442,4.859969656942147,3.0020597776014863,{'defined': 3408}
heterogeneous,SourceBridge_proper_MLNI_WLS,model_valid,3408,3408,213,213,213,3.0020597776014863,2.1299313922458887,3.13897743405066,16.434712945968442,4.859969656942147,3.0020597776014863,{'defined': 3408}
heterogeneous,weighted_source_affine_median,all,3408,3408,213,213,213,3.147827539894216,2.3275608878582905,3.5116416165854103,19.04622527859948,4.834526166074596,3.149038578748812,{'closed_form': 3408}
heterogeneous,weighted_source_affine_median,model_valid,3408,3408,213,213,213,3.147827539894216,2.3275608878582905,3.5116416165854103,19.04622527859948,4.834526166074596,3.149038578748812,{'closed_form': 3408}
