interface,source_label,profile,condition,targets,sum_squared_error,sum_absolute_error,max_absolute_error
SourceBridge,SourceBridge_proper_MLNI_WLS,exact,anchor_g0.7_q0,213,1193.9440806747448,371.8227839285024,10.923521558681983
SourceBridge,SourceBridge_proper_MLNI_WLS,exact,anchor_g0.7_q250,213,920.571169441102,321.2364933650104,8.811807744370071
SourceBridge,SourceBridge_proper_MLNI_WLS,exact,anchor_g0.7_q500,213,898.6872738676319,316.2843729118306,8.954361900379865
SourceBridge,SourceBridge_proper_MLNI_WLS,exact,anchor_g1.3_q0,213,1116.0171647655454,355.9050356340485,9.944815332743957
SourceBridge,SourceBridge_proper_MLNI_WLS,exact,anchor_g1.3_q250,213,924.0431903451611,321.1780785436375,8.916448472053759
SourceBridge,SourceBridge_proper_MLNI_WLS,exact,anchor_g1.3_q500,213,899.0427510621006,316.27097090161465,9.012361620072824
SourceBridge,SourceBridge_proper_MLNI_WLS,exact,clean,213,780.5113023458738,288.4523171061811,8.625926284933996
SourceBridge,SourceBridge_proper_MLNI_WLS,exact,reverse_anchors,213,836.9184950957341,303.13824759144563,8.625926284933996
SourceBridge,SourceBridge_proper_MLNI_WLS,exact,target_+20,213,1540.8257820538975,457.83629586502303,7.807188748978177
SourceBridge,SourceBridge_proper_MLNI_WLS,exact,target_+5,213,984.0144540242443,353.40780353219134,7.583982894627468
SourceBridge,SourceBridge_proper_MLNI_WLS,exact,target_+80,213,932.2029349983525,327.1021043207903,8.499983976626567
SourceBridge,SourceBridge_proper_MLNI_WLS,exact,target_-20,213,1682.1913749712503,456.4657861408365,11.497104887792318
SourceBridge,SourceBridge_proper_MLNI_WLS,exact,target_-5,213,1082.3250370533303,353.80389757450723,10.372756084113178
SourceBridge,SourceBridge_proper_MLNI_WLS,exact,target_-80,213,961.838699264928,327.0148729771994,9.68385762671241
SourceBridge,SourceBridge_proper_MLNI_WLS,heterogeneous,anchor_g0.7_q0,213,2275.9962622707576,537.992561863255,12.216938871802341
SourceBridge,SourceBridge_proper_MLNI_WLS,heterogeneous,anchor_g0.7_q250,213,2014.6300520179796,466.22037539529714,14.05009546952462
SourceBridge,SourceBridge_proper_MLNI_WLS,heterogeneous,anchor_g0.7_q500,213,1847.8546563343498,457.216160627913,13.060433551937805
SourceBridge,SourceBridge_proper_MLNI_WLS,heterogeneous,anchor_g1.3_q0,213,2307.724830091441,523.0753967139077,12.558951720465387
SourceBridge,SourceBridge_proper_MLNI_WLS,heterogeneous,anchor_g1.3_q250,213,1851.0008340814143,460.2845891371185,13.498728112707227
SourceBridge,SourceBridge_proper_MLNI_WLS,heterogeneous,anchor_g1.3_q500,213,1850.4724512651946,458.1402820314325,12.826318440426164
SourceBridge,SourceBridge_proper_MLNI_WLS,heterogeneous,clean,213,1919.6332994663421,453.67538654837426,13.29278156467322
SourceBridge,SourceBridge_proper_MLNI_WLS,heterogeneous,reverse_anchors,213,1953.9441512961885,459.91344779186176,13.29278156467322
SourceBridge,SourceBridge_proper_MLNI_WLS,heterogeneous,target_+20,213,2444.495715215961,531.1280353829399,16.434712945968442
SourceBridge,SourceBridge_proper_MLNI_WLS,heterogeneous,target_+5,213,1898.063536245316,454.8932921874131,14.105156040042573
SourceBridge,SourceBridge_proper_MLNI_WLS,heterogeneous,target_+80,213,1910.6458199342283,460.74772520182466,14.33086338521963
SourceBridge,SourceBridge_proper_MLNI_WLS,heterogeneous,target_-20,213,3083.616540218054,628.5836985656606,13.607634751972427
SourceBridge,SourceBridge_proper_MLNI_WLS,heterogeneous,target_-5,213,2374.516016601045,526.930265586865,14.868360378823354
SourceBridge,SourceBridge_proper_MLNI_WLS,heterogeneous,target_-80,213,2007.7743977103798,478.2981356831111,12.651781308215732
CRH + WLS,CRH_TKDE2016__weighted_source_affine,exact,anchor_g0.7_q0,213,1831.265675631345,481.3777542363175,10.26182359479364
CRH + WLS,CRH_TKDE2016__weighted_source_affine,exact,anchor_g0.7_q250,213,1365.714984612777,412.98967416792226,8.92623311358878
CRH + WLS,CRH_TKDE2016__weighted_source_affine,exact,anchor_g0.7_q500,213,1301.6127402316201,404.1915063370019,9.846940444493455
CRH + WLS,CRH_TKDE2016__weighted_source_affine,exact,anchor_g1.3_q0,213,2232.7216730855107,507.43683664733265,11.297929338000301
CRH + WLS,CRH_TKDE2016__weighted_source_affine,exact,anchor_g1.3_q250,213,1313.3651947595054,404.9252380434773,9.846940444493455
CRH + WLS,CRH_TKDE2016__weighted_source_affine,exact,anchor_g1.3_q500,213,1301.6127402316201,404.1915063370019,9.846940444493455
CRH + WLS,CRH_TKDE2016__weighted_source_affine,exact,clean,213,1029.663692851097,342.4480040781874,8.585819579664033
CRH + WLS,CRH_TKDE2016__weighted_source_affine,exact,reverse_anchors,213,1079.8941505186838,352.1709369315856,8.585819579664033
CRH + WLS,CRH_TKDE2016__weighted_source_affine,exact,target_+20,213,2500.6009245318287,604.5641495968893,10.929376240718852
CRH + WLS,CRH_TKDE2016__weighted_source_affine,exact,target_+5,213,1263.2133714077086,406.2886490582229,8.10116363722667
CRH + WLS,CRH_TKDE2016__weighted_source_affine,exact,target_+80,213,1766.8971654201139,473.0183459441508,9.494931481564166
CRH + WLS,CRH_TKDE2016__weighted_source_affine,exact,target_-20,213,2485.94620083974,571.9967925630755,11.344510714921945
CRH + WLS,CRH_TKDE2016__weighted_source_affine,exact,target_-5,213,1441.3731181982064,412.9211175135054,10.26182359479364
CRH + WLS,CRH_TKDE2016__weighted_source_affine,exact,target_-80,213,1827.2038746750545,476.5118059277513,10.26182359479364
CRH + WLS,CRH_TKDE2016__weighted_source_affine,heterogeneous,anchor_g0.7_q0,213,3649.9287759954527,687.0108522832951,14.832676349385338
CRH + WLS,CRH_TKDE2016__weighted_source_affine,heterogeneous,anchor_g0.7_q250,213,2765.37311809069,524.5109769755076,19.04622527859948
CRH + WLS,CRH_TKDE2016__weighted_source_affine,heterogeneous,anchor_g0.7_q500,213,2105.3297128539666,496.3015116490495,10.727986383970574
CRH + WLS,CRH_TKDE2016__weighted_source_affine,heterogeneous,anchor_g1.3_q0,213,3633.0249327983515,632.0474580042634,23.703490296983446
CRH + WLS,CRH_TKDE2016__weighted_source_affine,heterogeneous,anchor_g1.3_q250,213,2301.343432153733,502.27548919609774,19.04622527859948
CRH + WLS,CRH_TKDE2016__weighted_source_affine,heterogeneous,anchor_g1.3_q500,213,2096.514406432007,494.56994000901636,10.727986383970574
CRH + WLS,CRH_TKDE2016__weighted_source_affine,heterogeneous,clean,213,2021.9211344204048,485.0554456054942,12.96217488182534
CRH + WLS,CRH_TKDE2016__weighted_source_affine,heterogeneous,reverse_anchors,213,2053.8888055288808,491.4767741196137,12.96217488182534
CRH + WLS,CRH_TKDE2016__weighted_source_affine,heterogeneous,target_+20,213,3044.284166571709,630.6182914625982,19.04622527859948
CRH + WLS,CRH_TKDE2016__weighted_source_affine,heterogeneous,target_+5,213,1895.3893161909168,462.18270434776315,13.524926662828506
CRH + WLS,CRH_TKDE2016__weighted_source_affine,heterogeneous,target_+80,213,3272.2906255595813,575.2908950708872,19.04622527859948
CRH + WLS,CRH_TKDE2016__weighted_source_affine,heterogeneous,target_-20,213,4103.6965621271365,743.8244547845502,14.832676349385338
CRH + WLS,CRH_TKDE2016__weighted_source_affine,heterogeneous,target_-5,213,2715.165551707151,581.4217092667568,12.96217488182534
CRH + WLS,CRH_TKDE2016__weighted_source_affine,heterogeneous,target_-80,213,3841.82903259721,624.142960953983,23.703490296983446
EPTD + WLS,EPTD_TIFS2022__weighted_source_affine,exact,anchor_g0.7_q0,213,2166.9986160775825,542.3102966813295,10.956222629532409
EPTD + WLS,EPTD_TIFS2022__weighted_source_affine,exact,anchor_g0.7_q250,213,4578.348881390347,898.3545641596804,10.105267424287632
EPTD + WLS,EPTD_TIFS2022__weighted_source_affine,exact,anchor_g0.7_q500,213,16483.089644573392,1810.9473884192073,14.163416301243103
EPTD + WLS,EPTD_TIFS2022__weighted_source_affine,exact,anchor_g1.3_q0,213,2768.8231443994628,628.8928802060896,10.685130752301582
EPTD + WLS,EPTD_TIFS2022__weighted_source_affine,exact,anchor_g1.3_q250,213,8723.018534205868,1268.2701995099753,12.031635073770488
EPTD + WLS,EPTD_TIFS2022__weighted_source_affine,exact,anchor_g1.3_q500,213,36691.6904371909,2725.346880126415,19.06557759043082
EPTD + WLS,EPTD_TIFS2022__weighted_source_affine,exact,clean,213,966.3254503232744,323.3493632976126,8.95958664796947
EPTD + WLS,EPTD_TIFS2022__weighted_source_affine,exact,reverse_anchors,213,984.3243831309313,326.0168740290812,8.95958664796947
EPTD + WLS,EPTD_TIFS2022__weighted_source_affine,exact,target_+20,213,1420.6623613822833,436.74425246125094,7.81809404371603
EPTD + WLS,EPTD_TIFS2022__weighted_source_affine,exact,target_+5,213,1154.7887769677125,382.50268361553,7.99091584675929
EPTD + WLS,EPTD_TIFS2022__weighted_source_affine,exact,target_+80,213,2363.7372669053925,621.7977659118644,8.462474333094143
EPTD + WLS,EPTD_TIFS2022__weighted_source_affine,exact,target_-20,213,1610.1646176671068,443.3806577980837,11.352200543912154
EPTD + WLS,EPTD_TIFS2022__weighted_source_affine,exact,target_-5,213,1267.5203045300684,387.2548838517849,10.485636917175036
EPTD + WLS,EPTD_TIFS2022__weighted_source_affine,exact,target_-80,213,2614.2518903998243,633.9655662443768,11.164069608798304
EPTD + WLS,EPTD_TIFS2022__weighted_source_affine,heterogeneous,anchor_g0.7_q0,213,3188.131684182647,644.8254628626094,14.913748419174254
EPTD + WLS,EPTD_TIFS2022__weighted_source_affine,heterogeneous,anchor_g0.7_q250,213,4755.990107917275,844.2766033936714,16.78016688171641
EPTD + WLS,EPTD_TIFS2022__weighted_source_affine,heterogeneous,anchor_g0.7_q500,213,14389.196447530894,1645.0873727720714,20.249993596480408
EPTD + WLS,EPTD_TIFS2022__weighted_source_affine,heterogeneous,anchor_g1.3_q0,213,4400.713991996815,764.9252731060475,16.991861800331066
EPTD + WLS,EPTD_TIFS2022__weighted_source_affine,heterogeneous,anchor_g1.3_q250,213,9366.021655584385,1292.1559945276401,17.957266458175468
EPTD + WLS,EPTD_TIFS2022__weighted_source_affine,heterogeneous,anchor_g1.3_q500,213,39470.16251421171,2832.0259741774244,24.365151128297583
EPTD + WLS,EPTD_TIFS2022__weighted_source_affine,heterogeneous,clean,213,2120.6429034470984,487.84334290265275,12.642683736988616
EPTD + WLS,EPTD_TIFS2022__weighted_source_affine,heterogeneous,reverse_anchors,213,2119.2854981284577,484.3519536974262,12.642683736988616
EPTD + WLS,EPTD_TIFS2022__weighted_source_affine,heterogeneous,target_+20,213,2115.7927976214687,497.0553620242777,16.439901076232843
EPTD + WLS,EPTD_TIFS2022__weighted_source_affine,heterogeneous,target_+5,213,1987.64689021704,472.43409329466857,14.366804443116706
EPTD + WLS,EPTD_TIFS2022__weighted_source_affine,heterogeneous,target_+80,213,2910.8749442038156,612.9860084710045,16.45878798497199
EPTD + WLS,EPTD_TIFS2022__weighted_source_affine,heterogeneous,target_-20,213,2915.6561153090106,602.4251809579733,14.058697659896382
EPTD + WLS,EPTD_TIFS2022__weighted_source_affine,heterogeneous,target_-5,213,2614.5906699140187,556.7435603726568,12.481031437026708
EPTD + WLS,EPTD_TIFS2022__weighted_source_affine,heterogeneous,target_-80,213,3990.016730626196,766.3712026834963,14.395483656121767
FETD-D + WLS,FETD_D_AAAI2023__weighted_source_affine,exact,anchor_g0.7_q0,213,1120.68680278302,356.1457401210832,10.49672994491642
FETD-D + WLS,FETD_D_AAAI2023__weighted_source_affine,exact,anchor_g0.7_q250,213,788.9280153370019,312.7883326949266,8.683679178658021
FETD-D + WLS,FETD_D_AAAI2023__weighted_source_affine,exact,anchor_g0.7_q500,213,786.6337423932691,311.9271997051956,8.70098424273337
FETD-D + WLS,FETD_D_AAAI2023__weighted_source_affine,exact,anchor_g1.3_q0,213,928.6677477817382,333.91298500336995,8.861464188029956
FETD-D + WLS,FETD_D_AAAI2023__weighted_source_affine,exact,anchor_g1.3_q250,213,788.7402018996622,312.86368943909093,8.696281673087856
FETD-D + WLS,FETD_D_AAAI2023__weighted_source_affine,exact,anchor_g1.3_q500,213,787.7701049435586,312.11752896931085,8.70835064007165
FETD-D + WLS,FETD_D_AAAI2023__weighted_source_affine,exact,clean,213,931.9620712080941,317.5842512360954,8.566290119809718
FETD-D + WLS,FETD_D_AAAI2023__weighted_source_affine,exact,reverse_anchors,213,970.9617466458552,323.14886007569856,8.566290119809718
FETD-D + WLS,FETD_D_AAAI2023__weighted_source_affine,exact,target_+20,213,1381.6097007630704,436.7833502871878,7.549121001010306
FETD-D + WLS,FETD_D_AAAI2023__weighted_source_affine,exact,target_+5,213,1114.9292169832179,380.33218830872266,7.552920032144126
FETD-D + WLS,FETD_D_AAAI2023__weighted_source_affine,exact,target_+80,213,2936.017605255712,634.2058944461951,10.194181061076307
FETD-D + WLS,FETD_D_AAAI2023__weighted_source_affine,exact,target_-20,213,1614.8959090959058,445.61432593685487,12.016489856019518
FETD-D + WLS,FETD_D_AAAI2023__weighted_source_affine,exact,target_-5,213,1197.9731265761895,382.90428159402876,10.060409176222265
FETD-D + WLS,FETD_D_AAAI2023__weighted_source_affine,exact,target_-80,213,2915.9454022566897,624.8031894007173,10.576446936957435
FETD-D + WLS,FETD_D_AAAI2023__weighted_source_affine,heterogeneous,anchor_g0.7_q0,213,1940.0156916248077,490.0180084658246,11.938877602989066
FETD-D + WLS,FETD_D_AAAI2023__weighted_source_affine,heterogeneous,anchor_g0.7_q250,213,1725.2987236323283,444.48607489861246,14.082540855717667
FETD-D + WLS,FETD_D_AAAI2023__weighted_source_affine,heterogeneous,anchor_g0.7_q500,213,1522.8532463841495,432.0003389174226,12.349285504521674
FETD-D + WLS,FETD_D_AAAI2023__weighted_source_affine,heterogeneous,anchor_g1.3_q0,213,1893.5503912421857,472.84092625041035,14.027119648945693
FETD-D + WLS,FETD_D_AAAI2023__weighted_source_affine,heterogeneous,anchor_g1.3_q250,213,1528.4554545778142,435.29293779326764,12.498719099756215
FETD-D + WLS,FETD_D_AAAI2023__weighted_source_affine,heterogeneous,anchor_g1.3_q500,213,1529.0404042908224,432.4353803240831,12.272169093530891
FETD-D + WLS,FETD_D_AAAI2023__weighted_source_affine,heterogeneous,clean,213,2112.029517761226,485.09573318695635,13.807647836446435
FETD-D + WLS,FETD_D_AAAI2023__weighted_source_affine,heterogeneous,reverse_anchors,213,2119.8895985959216,483.3359622343519,13.807647836446435
FETD-D + WLS,FETD_D_AAAI2023__weighted_source_affine,heterogeneous,target_+20,213,2163.8679729383452,499.8262913412629,15.525322399623064
FETD-D + WLS,FETD_D_AAAI2023__weighted_source_affine,heterogeneous,target_+5,213,2023.4892455914699,474.8324933282693,14.922590983643488
FETD-D + WLS,FETD_D_AAAI2023__weighted_source_affine,heterogeneous,target_+80,213,3115.730819348612,594.7936549841669,16.13688233819738
FETD-D + WLS,FETD_D_AAAI2023__weighted_source_affine,heterogeneous,target_-20,213,2789.551748376627,594.0956735945714,13.910597482522405
FETD-D + WLS,FETD_D_AAAI2023__weighted_source_affine,heterogeneous,target_-5,213,2493.3046930092314,540.6867385232055,12.483321740302728
FETD-D + WLS,FETD_D_AAAI2023__weighted_source_affine,heterogeneous,target_-80,213,3203.150968036574,657.4447046541402,15.283789754580333
FETD-AK + WLS,FETD_AK_AAAI2023__weighted_source_affine,exact,anchor_g0.7_q0,213,4479.36107879041,821.4702425917029,13.050314232228956
FETD-AK + WLS,FETD_AK_AAAI2023__weighted_source_affine,exact,anchor_g0.7_q250,213,5600.487883826122,923.5584843521206,15.94405292345084
FETD-AK + WLS,FETD_AK_AAAI2023__weighted_source_affine,exact,anchor_g0.7_q500,213,6744.277141419616,1125.5847825836233,10.752113360426755
FETD-AK + WLS,FETD_AK_AAAI2023__weighted_source_affine,exact,anchor_g1.3_q0,213,6423.8708957830095,1010.6918363223517,13.205677108731535
FETD-AK + WLS,FETD_AK_AAAI2023__weighted_source_affine,exact,anchor_g1.3_q250,213,4842.618169124161,922.6566195366277,10.180008535563495
FETD-AK + WLS,FETD_AK_AAAI2023__weighted_source_affine,exact,anchor_g1.3_q500,213,12914.78128331643,1587.6813430119614,13.375884494215832
FETD-AK + WLS,FETD_AK_AAAI2023__weighted_source_affine,exact,clean,213,877.2099508673083,326.3927694627888,7.070479412420074
FETD-AK + WLS,FETD_AK_AAAI2023__weighted_source_affine,exact,reverse_anchors,213,987.9975151359862,337.92464188541425,8.61635397225518
FETD-AK + WLS,FETD_AK_AAAI2023__weighted_source_affine,exact,target_+20,213,3925.54969323652,820.678080332623,9.85979938158377
FETD-AK + WLS,FETD_AK_AAAI2023__weighted_source_affine,exact,target_+5,213,1069.5908764991325,370.40923170538633,8.290006555001817
FETD-AK + WLS,FETD_AK_AAAI2023__weighted_source_affine,exact,target_+80,213,7643.065199771564,1095.0148413417,15.944052915744855
FETD-AK + WLS,FETD_AK_AAAI2023__weighted_source_affine,exact,target_-20,213,4072.76713973339,829.98493928689,11.421693699780963
FETD-AK + WLS,FETD_AK_AAAI2023__weighted_source_affine,exact,target_-5,213,1138.298592838902,375.14649910579817,8.803934522000606
FETD-AK + WLS,FETD_AK_AAAI2023__weighted_source_affine,exact,target_-80,213,7944.085932119301,1113.7223764215173,14.999540262533543
FETD-AK + WLS,FETD_AK_AAAI2023__weighted_source_affine,heterogeneous,anchor_g0.7_q0,213,7641.554112511918,1068.101071876438,17.112977827588935
FETD-AK + WLS,FETD_AK_AAAI2023__weighted_source_affine,heterogeneous,anchor_g0.7_q250,213,9018.279128092294,1009.0064943818155,24.43790659797208
FETD-AK + WLS,FETD_AK_AAAI2023__weighted_source_affine,heterogeneous,anchor_g0.7_q500,213,9142.148722603084,1127.3138322681245,36.70089128242516
FETD-AK + WLS,FETD_AK_AAAI2023__weighted_source_affine,heterogeneous,anchor_g1.3_q0,213,9366.806253921453,1202.4861407663002,23.7781005421757
FETD-AK + WLS,FETD_AK_AAAI2023__weighted_source_affine,heterogeneous,anchor_g1.3_q250,213,8787.356016593736,1042.4696239417656,36.70089125371382
FETD-AK + WLS,FETD_AK_AAAI2023__weighted_source_affine,heterogeneous,anchor_g1.3_q500,213,15537.602122234608,1680.530612970724,34.97495838226624
FETD-AK + WLS,FETD_AK_AAAI2023__weighted_source_affine,heterogeneous,clean,213,1517.2917948799297,429.2704751724696,10.191047266970017
FETD-AK + WLS,FETD_AK_AAAI2023__weighted_source_affine,heterogeneous,reverse_anchors,213,1527.0543370499572,428.8384705884063,10.191047266970017
FETD-AK + WLS,FETD_AK_AAAI2023__weighted_source_affine,heterogeneous,target_+20,213,4370.483374091664,775.6140104069572,19.977998696471644
FETD-AK + WLS,FETD_AK_AAAI2023__weighted_source_affine,heterogeneous,target_+5,213,1765.523111814057,452.5960874792365,13.524926652637504
FETD-AK + WLS,FETD_AK_AAAI2023__weighted_source_affine,heterogeneous,target_+80,213,9938.855064154322,1161.1640922221554,20.34869443968352
FETD-AK + WLS,FETD_AK_AAAI2023__weighted_source_affine,heterogeneous,target_-20,213,5543.363200355685,937.0362273896184,14.832676332467486
FETD-AK + WLS,FETD_AK_AAAI2023__weighted_source_affine,heterogeneous,target_-5,213,2204.8140801947475,539.4625565407147,10.400012506808665
FETD-AK + WLS,FETD_AK_AAAI2023__weighted_source_affine,heterogeneous,target_-80,213,10743.614187235942,1284.8982846732297,23.778100541284044
WLS median,weighted_source_affine_median,exact,anchor_g0.7_q0,213,1677.6142938863911,454.50136475708143,10.26182359479364
WLS median,weighted_source_affine_median,exact,anchor_g0.7_q250,213,1728.6654876599514,478.51376717661407,8.210278583486826
WLS median,weighted_source_affine_median,exact,anchor_g0.7_q500,213,1719.109334753679,475.9370125392357,8.210278583486826
WLS median,weighted_source_affine_median,exact,anchor_g1.3_q0,213,1881.33381564921,479.1178951464031,11.297929338000301
WLS median,weighted_source_affine_median,exact,anchor_g1.3_q250,213,1728.6654876599514,478.51376717661407,8.210278583486826
WLS median,weighted_source_affine_median,exact,anchor_g1.3_q500,213,1719.109334753679,475.9370125392357,8.210278583486826
WLS median,weighted_source_affine_median,exact,clean,213,1063.623153498677,339.48425145372926,9.576164826262442
WLS median,weighted_source_affine_median,exact,reverse_anchors,213,1156.6700671439391,354.4752615644924,9.576164826262442
WLS median,weighted_source_affine_median,exact,target_+20,213,1719.109334753679,475.9370125392357,8.210278583486826
WLS median,weighted_source_affine_median,exact,target_+5,213,1249.2814755450052,399.2536580492596,8.210278583486826
WLS median,weighted_source_affine_median,exact,target_+80,213,1719.109334753679,475.9370125392357,8.210278583486826
WLS median,weighted_source_affine_median,exact,target_-20,213,1881.5047929346015,479.2522626345876,11.297929338000301
WLS median,weighted_source_affine_median,exact,target_-5,213,1438.8856597632728,412.3160196801259,10.26182359479364
WLS median,weighted_source_affine_median,exact,target_-80,213,1881.33381564921,479.1178951464031,11.297929338000301
WLS median,weighted_source_affine_median,heterogeneous,anchor_g0.7_q0,213,3138.883895661845,620.7351128077802,14.832676349385338
WLS median,weighted_source_affine_median,heterogeneous,anchor_g0.7_q250,213,2759.213031067913,552.0034919315525,19.04622527859948
WLS median,weighted_source_affine_median,heterogeneous,anchor_g0.7_q500,213,2542.8090655921883,539.7109918596092,19.04622527859948
WLS median,weighted_source_affine_median,heterogeneous,anchor_g1.3_q0,213,3460.239445561839,645.7118301554626,14.832676349385338
WLS median,weighted_source_affine_median,heterogeneous,anchor_g1.3_q250,213,2542.8090655921883,539.7109918596092,19.04622527859948
WLS median,weighted_source_affine_median,heterogeneous,anchor_g1.3_q500,213,2542.8090655921883,539.7109918596092,19.04622527859948
WLS median,weighted_source_affine_median,heterogeneous,clean,213,2110.578281055208,495.7704691138159,12.96217488182534
WLS median,weighted_source_affine_median,heterogeneous,reverse_anchors,213,2146.7623831256305,502.86698187940806,12.96217488182534
WLS median,weighted_source_affine_median,heterogeneous,target_+20,213,2401.36151575939,532.6792030719163,19.04622527859948
WLS median,weighted_source_affine_median,heterogeneous,target_+5,213,2001.2862973425265,480.58859364731154,13.524926662828506
WLS median,weighted_source_affine_median,heterogeneous,target_+80,213,2542.8090655921883,539.7109918596092,19.04622527859948
WLS median,weighted_source_affine_median,heterogeneous,target_-20,213,3340.5924044723606,640.3896767266385,14.832676349385338
WLS median,weighted_source_affine_median,heterogeneous,target_-5,213,2814.6347579965777,583.8690213563592,12.96217488182534
WLS median,weighted_source_affine_median,heterogeneous,target_-80,213,3460.239445561839,645.7118301554626,14.832676349385338
Midpoint,SourceBridge_packet,exact,anchor_g0.7_q0,213,4751.52391484461,764.0163134506424,16.230769230769223
Midpoint,SourceBridge_packet,exact,anchor_g0.7_q250,213,2574.316153578221,554.6807297466844,13.815426778062488
Midpoint,SourceBridge_packet,exact,anchor_g0.7_q500,213,2565.880195861587,553.365512009647,13.815426778062488
Midpoint,SourceBridge_packet,exact,anchor_g1.3_q0,213,3870.0385355409026,668.0293097338357,17.014311296519466
Midpoint,SourceBridge_packet,exact,anchor_g1.3_q250,213,2575.3316767612687,555.6356548029257,13.815426778062488
Midpoint,SourceBridge_packet,exact,anchor_g1.3_q500,213,2565.880195861587,553.365512009647,13.815426778062488
Midpoint,SourceBridge_packet,exact,clean,213,3341.9560510806637,634.4394870653671,14.639162921074476
Midpoint,SourceBridge_packet,exact,reverse_anchors,213,3365.749925002939,631.8122390879691,14.639162921074476
Midpoint,SourceBridge_packet,exact,target_+20,213,3315.6483229554133,637.949122977716,14.974680864456744
Midpoint,SourceBridge_packet,exact,target_+5,213,3257.1074154170005,632.2955217179208,12.307366686858515
Midpoint,SourceBridge_packet,exact,target_+80,213,2565.880195861587,553.365512009647,13.815426778062488
Midpoint,SourceBridge_packet,exact,target_-20,213,5284.277902681273,828.3990591391752,17.014311296519466
Midpoint,SourceBridge_packet,exact,target_-5,213,3884.4550547675267,700.5267461058436,15.908411984824703
Midpoint,SourceBridge_packet,exact,target_-80,213,2681.4420121399294,560.5887018771241,13.815426778062488
Midpoint,SourceBridge_packet,heterogeneous,anchor_g0.7_q0,213,5395.701493689032,866.211441196493,18.47765077241536
Midpoint,SourceBridge_packet,heterogeneous,anchor_g0.7_q250,213,3481.419261396713,696.2831650619617,11.890445521359027
Midpoint,SourceBridge_packet,heterogeneous,anchor_g0.7_q500,213,3244.075617162027,680.5013901784268,10.498879036032111
Midpoint,SourceBridge_packet,heterogeneous,anchor_g1.3_q0,213,4258.457997200114,750.6449314870006,18.47765077241536
Midpoint,SourceBridge_packet,heterogeneous,anchor_g1.3_q250,213,3520.3461287816767,698.2177150166112,11.890445521359027
Midpoint,SourceBridge_packet,heterogeneous,anchor_g1.3_q500,213,3244.075617162027,680.5013901784268,10.498879036032111
Midpoint,SourceBridge_packet,heterogeneous,clean,213,4071.185181405347,746.4564242445135,12.615607438989244
Midpoint,SourceBridge_packet,heterogeneous,reverse_anchors,213,4088.6514061809116,751.8288999352629,12.615607438989244
Midpoint,SourceBridge_packet,heterogeneous,target_+20,213,5337.070848434809,884.8406255147476,14.630348679355365
Midpoint,SourceBridge_packet,heterogeneous,target_+5,213,4258.839784001176,774.5700016848642,12.615607438989244
Midpoint,SourceBridge_packet,heterogeneous,target_+80,213,3508.125157603337,695.3367900913418,11.874424812423854
Midpoint,SourceBridge_packet,heterogeneous,target_-20,213,5539.069810631301,883.5770538214922,17.42906269319048
Midpoint,SourceBridge_packet,heterogeneous,target_-5,213,4496.460994381168,789.5419519114192,13.713176626317932
Midpoint,SourceBridge_packet,heterogeneous,target_-80,213,3831.061482990568,721.3496049436659,18.47765077241536
"CRH, native",CRH_TKDE2016__native,exact,anchor_g0.7_q0,213,16354.06439162745,1488.34611818937,30.431265944631946
"CRH, native",CRH_TKDE2016__native,exact,anchor_g0.7_q250,213,17466.35924427283,1475.779873486878,31.327548988267907
"CRH, native",CRH_TKDE2016__native,exact,anchor_g0.7_q500,213,20076.067339814283,1530.922255049374,49.05151148591165
"CRH, native",CRH_TKDE2016__native,exact,anchor_g1.3_q0,213,17826.924937976673,1547.48805467215,31.327548988267907
"CRH, native",CRH_TKDE2016__native,exact,anchor_g1.3_q250,213,21669.312424927564,1557.173532190759,45.54826339414727
"CRH, native",CRH_TKDE2016__native,exact,anchor_g1.3_q500,213,18097.44206937242,1469.0360298233732,43.6632368116004
"CRH, native",CRH_TKDE2016__native,exact,clean,213,16275.026521883106,1462.58886699114,29.646789643713603
"CRH, native",CRH_TKDE2016__native,exact,reverse_anchors,213,19659.0706832813,1552.2312096156083,49.05151148591165
"CRH, native",CRH_TKDE2016__native,exact,target_+20,213,19302.58736679685,1633.4657867983476,31.327548988267907
"CRH, native",CRH_TKDE2016__native,exact,target_+5,213,16202.012100561411,1448.0827169521435,29.646789643713603
"CRH, native",CRH_TKDE2016__native,exact,target_+80,213,19224.0735588493,1610.8982785435558,31.327548988267907
"CRH, native",CRH_TKDE2016__native,exact,target_-20,213,23545.498318356556,1710.3063327065959,45.343836771931734
"CRH, native",CRH_TKDE2016__native,exact,target_-5,213,17414.144230471342,1485.3327289903714,30.431265944631946
"CRH, native",CRH_TKDE2016__native,exact,target_-80,213,22323.526141807284,1659.5512032286988,47.70419171837261
"CRH, native",CRH_TKDE2016__native,heterogeneous,anchor_g0.7_q0,213,17122.64773517545,1472.5465430978406,32.67038778354808
"CRH, native",CRH_TKDE2016__native,heterogeneous,anchor_g0.7_q250,213,18053.479346723994,1504.938208373381,32.88300234831624
"CRH, native",CRH_TKDE2016__native,heterogeneous,anchor_g0.7_q500,213,19580.755551829603,1513.29202567833,49.05151148591165
"CRH, native",CRH_TKDE2016__native,heterogeneous,anchor_g1.3_q0,213,16568.160214825264,1486.0729312543165,31.327548988267907
"CRH, native",CRH_TKDE2016__native,heterogeneous,anchor_g1.3_q250,213,19140.666677820893,1502.1094904397537,43.6632368116004
"CRH, native",CRH_TKDE2016__native,heterogeneous,anchor_g1.3_q500,213,17412.165680922884,1452.045803468761,43.6632368116004
"CRH, native",CRH_TKDE2016__native,heterogeneous,clean,213,16095.526359088364,1456.802716088003,29.646789643713603
"CRH, native",CRH_TKDE2016__native,heterogeneous,reverse_anchors,213,16234.739610691462,1455.51482139864,29.646789643713603
"CRH, native",CRH_TKDE2016__native,heterogeneous,target_+20,213,19704.986896640887,1646.3210928880987,31.327548988267907
"CRH, native",CRH_TKDE2016__native,heterogeneous,target_+5,213,15925.368622584443,1433.842968265811,29.646789643713603
"CRH, native",CRH_TKDE2016__native,heterogeneous,target_+80,213,19690.367262324107,1641.6886313103369,31.83488070032405
"CRH, native",CRH_TKDE2016__native,heterogeneous,target_-20,213,23209.07423110943,1704.182782998266,47.70419171837261
"CRH, native",CRH_TKDE2016__native,heterogeneous,target_-5,213,17058.505108431968,1476.9679272882963,30.431265944631946
"CRH, native",CRH_TKDE2016__native,heterogeneous,target_-80,213,23556.580825368423,1645.2803813491794,47.70419171837261
"EPTD, native",EPTD_TIFS2022__native,exact,anchor_g0.7_q0,213,11210.515156324811,1192.8839678520324,31.452224299664124
"EPTD, native",EPTD_TIFS2022__native,exact,anchor_g0.7_q250,213,11506.923360553916,1133.3672390212294,34.70690484772683
"EPTD, native",EPTD_TIFS2022__native,exact,anchor_g0.7_q500,213,11751.63463693617,1106.8658830685933,37.26541844675853
"EPTD, native",EPTD_TIFS2022__native,exact,anchor_g1.3_q0,213,10666.76088816517,1153.7898643393175,31.275235770811463
"EPTD, native",EPTD_TIFS2022__native,exact,anchor_g1.3_q250,213,11215.397092063924,1097.3216015016806,38.46391964825207
"EPTD, native",EPTD_TIFS2022__native,exact,anchor_g1.3_q500,213,11603.659816038069,1101.192648975719,36.41983543385638
"EPTD, native",EPTD_TIFS2022__native,exact,clean,213,13612.755256702523,1304.9585969105233,32.10371900739361
"EPTD, native",EPTD_TIFS2022__native,exact,reverse_anchors,213,13739.415648776547,1285.7526758585998,35.00236173509208
"EPTD, native",EPTD_TIFS2022__native,exact,target_+20,213,14752.525222049377,1431.8734911909464,26.161089518218944
"EPTD, native",EPTD_TIFS2022__native,exact,target_+5,213,13425.1148862866,1308.8784789602819,30.270322983865526
"EPTD, native",EPTD_TIFS2022__native,exact,target_+80,213,18984.046412653945,1648.4823681688215,23.948655729521036
"EPTD, native",EPTD_TIFS2022__native,exact,target_-20,213,17754.631984648928,1478.6021528339652,40.853735765560174
"EPTD, native",EPTD_TIFS2022__native,exact,target_-5,213,14211.410346162782,1317.6209850272312,34.23568324867438
"EPTD, native",EPTD_TIFS2022__native,exact,target_-80,213,25706.45494002397,1783.8270485189478,52.80430293350446
"EPTD, native",EPTD_TIFS2022__native,heterogeneous,anchor_g0.7_q0,213,11302.539374834354,1193.5000986894065,31.868013160397766
"EPTD, native",EPTD_TIFS2022__native,heterogeneous,anchor_g0.7_q250,213,11329.195159482786,1128.8657443081531,33.48459943604226
"EPTD, native",EPTD_TIFS2022__native,heterogeneous,anchor_g0.7_q500,213,11533.357768037076,1099.335927389168,36.512183335501305
"EPTD, native",EPTD_TIFS2022__native,heterogeneous,anchor_g1.3_q0,213,10734.56716538835,1156.648350410924,31.79723328793881
"EPTD, native",EPTD_TIFS2022__native,heterogeneous,anchor_g1.3_q250,213,11184.657926364182,1095.3007320310505,37.47777695237542
"EPTD, native",EPTD_TIFS2022__native,heterogeneous,anchor_g1.3_q500,213,11419.01781003992,1093.4026658475755,35.77062040472427
"EPTD, native",EPTD_TIFS2022__native,heterogeneous,clean,213,13558.442629153755,1304.0125592719216,31.902602630024603
"EPTD, native",EPTD_TIFS2022__native,heterogeneous,reverse_anchors,213,13531.080451174968,1298.686540540246,31.902602630024603
"EPTD, native",EPTD_TIFS2022__native,heterogeneous,target_+20,213,14671.096751469715,1427.7983687493252,26.231775338884802
"EPTD, native",EPTD_TIFS2022__native,heterogeneous,target_+5,213,13403.771276178715,1307.0452675956467,30.100760214069737
"EPTD, native",EPTD_TIFS2022__native,heterogeneous,target_+80,213,18140.914979664863,1615.2022317281317,22.958138517238723
"EPTD, native",EPTD_TIFS2022__native,heterogeneous,target_-20,213,17524.84000329533,1469.2529376698444,41.35738342942179
"EPTD, native",EPTD_TIFS2022__native,heterogeneous,target_-5,213,14156.837549939948,1318.8141951051116,34.12684163576836
"EPTD, native",EPTD_TIFS2022__native,heterogeneous,target_-80,213,24549.55070232386,1734.1226201525658,51.44266140382854
"FETD-AK, native",FETD_AK_AAAI2023__native,exact,anchor_g0.7_q0,213,15487.23555489554,1410.3492850498844,31.834880700624353
"FETD-AK, native",FETD_AK_AAAI2023__native,exact,anchor_g0.7_q250,213,39015.42747518787,2477.4607745054104,30.95322091316517
"FETD-AK, native",FETD_AK_AAAI2023__native,exact,anchor_g0.7_q500,213,78010.62777278502,3157.9406087311054,58.54560197795004
"FETD-AK, native",FETD_AK_AAAI2023__native,exact,anchor_g1.3_q0,213,37132.12194828412,2136.915330284162,47.69986951619691
"FETD-AK, native",FETD_AK_AAAI2023__native,exact,anchor_g1.3_q250,213,57409.828642335655,2879.38754675996,48.40255725176709
"FETD-AK, native",FETD_AK_AAAI2023__native,exact,anchor_g1.3_q500,213,60903.29278783964,2411.979037753052,69.0477155512371
"FETD-AK, native",FETD_AK_AAAI2023__native,exact,clean,213,10611.74059505278,1170.0838705867502,30.23333806480281
"FETD-AK, native",FETD_AK_AAAI2023__native,exact,reverse_anchors,213,11731.577290569661,1194.475240651322,30.431265945244178
"FETD-AK, native",FETD_AK_AAAI2023__native,exact,target_+20,213,12956.069891822755,1296.8014887819159,30.233338063673358
"FETD-AK, native",FETD_AK_AAAI2023__native,exact,target_+5,213,10816.48390163442,1170.8629586946474,30.23333806458072
"FETD-AK, native",FETD_AK_AAAI2023__native,exact,target_+80,213,25726.440037987537,2003.473708946883,28.134768930750596
"FETD-AK, native",FETD_AK_AAAI2023__native,exact,target_-20,213,13442.404594204165,1301.9935288408115,38.05819422390991
"FETD-AK, native",FETD_AK_AAAI2023__native,exact,target_-5,213,10286.588082746559,1111.4557027203705,30.558194224021832
"FETD-AK, native",FETD_AK_AAAI2023__native,exact,target_-80,213,27712.238639915093,1951.1469106327195,47.704191699668854
"FETD-AK, native",FETD_AK_AAAI2023__native,heterogeneous,anchor_g0.7_q0,213,15991.241033546936,1392.9974303639644,31.834880698892675
"FETD-AK, native",FETD_AK_AAAI2023__native,heterogeneous,anchor_g0.7_q250,213,35539.00480010347,2371.094052344155,30.487169315828638
"FETD-AK, native",FETD_AK_AAAI2023__native,heterogeneous,anchor_g0.7_q500,213,61420.412502249776,2821.848189824369,48.40255725206461
"FETD-AK, native",FETD_AK_AAAI2023__native,heterogeneous,anchor_g1.3_q0,213,26406.112359555074,1767.8298581060587,45.949654830905644
"FETD-AK, native",FETD_AK_AAAI2023__native,heterogeneous,anchor_g1.3_q250,213,47009.963557217256,2590.0383609122023,41.469541390768185
"FETD-AK, native",FETD_AK_AAAI2023__native,heterogeneous,anchor_g1.3_q500,213,50055.786131548855,2227.024032187381,58.683408190560186
"FETD-AK, native",FETD_AK_AAAI2023__native,heterogeneous,clean,213,10665.048757959668,1153.5148128882938,30.233338065127754
"FETD-AK, native",FETD_AK_AAAI2023__native,heterogeneous,reverse_anchors,213,10727.390045460124,1156.493795729414,30.233338065127754
"FETD-AK, native",FETD_AK_AAAI2023__native,heterogeneous,target_+20,213,12803.881599076056,1279.9465285075257,30.233338064089935
"FETD-AK, native",FETD_AK_AAAI2023__native,heterogeneous,target_+5,213,10414.731225477779,1142.762329341426,30.233338064938238
"FETD-AK, native",FETD_AK_AAAI2023__native,heterogeneous,target_+80,213,29392.799201389742,2154.189037705847,31.834880694706214
"FETD-AK, native",FETD_AK_AAAI2023__native,heterogeneous,target_-20,213,13019.203495916801,1264.594452340855,38.058194224278395
"FETD-AK, native",FETD_AK_AAAI2023__native,heterogeneous,target_-5,213,10650.140078695676,1107.1620668815333,30.55819422414433
"FETD-AK, native",FETD_AK_AAAI2023__native,heterogeneous,target_-80,213,29518.267218379922,2036.0812283212997,47.70419171188354
"FETD-D, native",FETD_D_AAAI2023__native,exact,anchor_g0.7_q0,213,11704.435672821102,1217.0970106373952,28.781385694155006
"FETD-D, native",FETD_D_AAAI2023__native,exact,anchor_g0.7_q250,213,11621.43634192919,1097.9479829356042,36.79302600500418
"FETD-D, native",FETD_D_AAAI2023__native,exact,anchor_g0.7_q500,213,11120.99006574021,1051.4974579970706,38.281216168675456
"FETD-D, native",FETD_D_AAAI2023__native,exact,anchor_g1.3_q0,213,10679.87945389436,1136.748556131578,29.63924077854722
"FETD-D, native",FETD_D_AAAI2023__native,exact,anchor_g1.3_q250,213,10430.669978183849,1041.2595734243419,39.737581482659465
"FETD-D, native",FETD_D_AAAI2023__native,exact,anchor_g1.3_q500,213,10409.101275705956,1040.5315506920106,34.6047105582567
"FETD-D, native",FETD_D_AAAI2023__native,exact,clean,213,13609.048815081223,1290.5783574790785,35.798219539007164
"FETD-D, native",FETD_D_AAAI2023__native,exact,reverse_anchors,213,13972.062130029806,1278.9498764736625,40.081398751400144
"FETD-D, native",FETD_D_AAAI2023__native,exact,target_+20,213,14987.916601760358,1446.3588122564536,29.407148634972202
"FETD-D, native",FETD_D_AAAI2023__native,exact,target_+5,213,13512.60443048196,1309.2484391507382,34.189010315665655
"FETD-D, native",FETD_D_AAAI2023__native,exact,target_+80,213,17512.139091474364,1533.5350223701344,28.388028272174836
"FETD-D, native",FETD_D_AAAI2023__native,exact,target_-20,213,18318.32290064468,1497.061875126653,42.10802856350526
"FETD-D, native",FETD_D_AAAI2023__native,exact,target_-5,213,14215.872613939708,1303.4990841043727,37.40166464218646
"FETD-D, native",FETD_D_AAAI2023__native,exact,target_-80,213,24060.932848854158,1646.1005817970986,56.537059903457674
"FETD-D, native",FETD_D_AAAI2023__native,heterogeneous,anchor_g0.7_q0,213,11541.51411793818,1202.1417487361798,29.284496412749434
"FETD-D, native",FETD_D_AAAI2023__native,heterogeneous,anchor_g0.7_q250,213,11378.519855156794,1094.1952734979843,36.44064033140904
"FETD-D, native",FETD_D_AAAI2023__native,heterogeneous,anchor_g0.7_q500,213,10989.680253116108,1049.5772051036372,38.97980422539035
"FETD-D, native",FETD_D_AAAI2023__native,heterogeneous,anchor_g1.3_q0,213,10709.259496161312,1139.0329493089491,29.918587490820528
"FETD-D, native",FETD_D_AAAI2023__native,heterogeneous,anchor_g1.3_q250,213,10608.598123927686,1047.8278931199757,38.51948361653305
"FETD-D, native",FETD_D_AAAI2023__native,heterogeneous,anchor_g1.3_q500,213,10389.630520683759,1040.5061144495298,34.82943417717945
"FETD-D, native",FETD_D_AAAI2023__native,heterogeneous,clean,213,13641.131008764745,1293.3253450404204,35.701278301277114
"FETD-D, native",FETD_D_AAAI2023__native,heterogeneous,reverse_anchors,213,13787.094233103784,1297.427421798408,35.701278301277114
"FETD-D, native",FETD_D_AAAI2023__native,heterogeneous,target_+20,213,14730.742372134553,1435.0300286231507,29.014492555923738
"FETD-D, native",FETD_D_AAAI2023__native,heterogeneous,target_+5,213,13481.860555084017,1307.5367588623496,34.0200400633982
"FETD-D, native",FETD_D_AAAI2023__native,heterogeneous,target_+80,213,16720.549747907568,1508.502714258131,28.593460963789312
"FETD-D, native",FETD_D_AAAI2023__native,heterogeneous,target_-20,213,18245.418010480375,1499.0083377758551,42.21419874343809
"FETD-D, native",FETD_D_AAAI2023__native,heterogeneous,target_-5,213,14236.499185711205,1308.6664760304636,37.37035785772616
"FETD-D, native",FETD_D_AAAI2023__native,heterogeneous,target_-80,213,23021.671606016847,1620.1480450321058,55.60919467971718
