interface,source_label,profile,clean_rmse,pooled_rmse,targetwise_worst_rmse,clean_mae,mean_targetwise_worst_absolute_error,q95_targetwise_worst_absolute_error,observed_max_absolute_error,upper_ten_percent_mean,clean_max_absolute_error
SourceBridge,SourceBridge_proper_MLNI_WLS,exact,1.9142550278066337,2.2242741760665505,3.6859356984878944,1.3542362305454512,3.316889404161249,6.337381487563549,11.497104887792318,6.8895072730120495,8.625926284933996
SourceBridge,SourceBridge_proper_MLNI_WLS,heterogeneous,3.0020597776014863,3.15805255867648,4.859969656942147,2.1299313922458887,4.236498338977088,8.671938308370342,16.434712945968442,9.867818336637015,13.29278156467322
CRH + WLS,CRH_TKDE2016__weighted_source_affine,exact,2.1986591014460033,2.761542783834177,4.668667911456457,1.6077371083482976,4.202507697776145,7.886736635484523,11.344510714921945,8.379282404168698,8.585819579664033
CRH + WLS,CRH_TKDE2016__weighted_source_affine,heterogeneous,3.0810042982024233,3.6395242378286454,6.078469211114845,2.2772556131713344,5.126064837742264,10.799951847810505,23.703490296983446,12.334520250619933,12.96217488182534
EPTD + WLS,EPTD_TIFS2022__weighted_source_affine,exact,2.1299622539837775,5.300928898425731,13.173087038227008,1.5180721281578058,12.88306167582389,17.053398253984373,19.06557759043082,17.212114188366915,8.95958664796947
EPTD + WLS,EPTD_TIFS2022__weighted_source_affine,heterogeneous,3.155324067229102,5.684079539517929,13.73965980613593,2.290344332876304,13.473704490633883,17.48754849235372,24.365151128297583,18.11469601387506,12.642683736988616
FETD-D + WLS,FETD_D_AAAI2023__weighted_source_affine,exact,2.091747782361565,2.4749395452190877,4.901301854074958,1.4910058743478656,4.451605394689551,8.127715102814387,12.016489856019518,8.378436988785621,8.566290119809718
FETD-D + WLS,FETD_D_AAAI2023__weighted_source_affine,heterogeneous,3.1489095793282313,3.180266349873893,5.3914080467097225,2.277444756746274,4.737793075230556,9.441182009925836,16.13688233819738,10.339213777430087,13.807647836446435
FETD-AK + WLS,FETD_AK_AAAI2023__weighted_source_affine,exact,2.0293734444014544,4.798556447659601,8.839060292275796,1.532360420013093,8.573536341490154,12.790623031903785,15.94405292345084,12.923003758253861,7.070479412420074
FETD-AK + WLS,FETD_AK_AAAI2023__weighted_source_affine,heterogeneous,2.6689765185766032,5.706455141645539,10.225775998418424,2.0153543435327212,9.622372526435074,16.092926049901806,36.70089128242516,17.343649238816678,10.191047266970017
WLS median,weighted_source_affine_median,exact,2.234622100472174,2.7507706004279444,3.7190946118175816,1.5938227767780717,3.241661144018119,6.402842084613944,11.297929338000301,7.017959841095691,9.576164826262442
WLS median,weighted_source_affine_median,heterogeneous,3.147827539894216,3.5605817447185366,4.834526166074596,2.3275608878582905,4.000823212660524,8.854290442705986,19.04622527859948,10.149416711010272,12.96217488182534
Midpoint,SourceBridge_packet,exact,3.9610521976005053,3.953090444427301,5.826088661488745,2.978589141151958,5.037841016724039,10.375995119799065,17.014311296519466,11.241032225601664,14.639162921074476
Midpoint,SourceBridge_packet,heterogeneous,4.371904099200629,4.420644695533859,6.484234307386432,3.5044902546690775,5.915890825531224,10.573588106769755,18.47765077241536,11.15623590042207,12.615607438989244
"CRH, native",CRH_TKDE2016__native,exact,8.741199873021351,9.434658435191592,13.539127323386566,6.866614399019437,11.263952628397643,23.840232767700236,49.05151148591165,27.627059091433697,29.646789643713603
"CRH, native",CRH_TKDE2016__native,heterogeneous,8.692862097785694,9.32592328468609,13.82689534654461,6.839449371305179,11.384675314620994,25.06643261656513,49.05151148591165,29.12060001656821,29.646789643713603
"EPTD, native",EPTD_TIFS2022__native,exact,7.994351073883365,8.192462830707507,13.677710243351717,6.126566182678513,12.23023688829545,22.263993524468844,52.80430293350446,25.56569893709278,32.10371900739361
"EPTD, native",EPTD_TIFS2022__native,heterogeneous,7.9783870695002514,8.12874006263071,13.388711808408276,6.122124691417473,11.969091298342473,22.18496498034592,51.44266140382854,25.025148310721132,31.902602630024603
"FETD-AK, native",FETD_AK_AAAI2023__native,exact,7.058355217791853,11.74342970569512,23.66496023344848,5.493351505102114,20.877839165302888,45.710611258236455,69.0477155512371,46.82703407223101,30.23333806480281
"FETD-AK, native",FETD_AK_AAAI2023__native,heterogeneous,7.076061859948656,11.042476096369528,21.751562956070412,5.415562501822976,19.531529024865197,40.15217377886813,58.683408190560186,41.887227067480204,30.233338065127754
"FETD-D, native",FETD_D_AAAI2023__native,exact,7.993262660398932,8.110475713833006,13.813843241492215,6.059053321498021,12.133044781373584,24.76589424998601,56.537059903457674,26.945162443609124,35.798219539007164
"FETD-D, native",FETD_D_AAAI2023__native,heterogeneous,8.002678838098525,8.055020577321248,13.499065958100326,6.0719499767155884,11.934674217118458,23.767750320105584,55.60919467971718,25.76791670845084,35.701278301277114
